occ_code,occ_title,o_group,a_pct25,a_median,annual_growth_rate,typical_education
11-1011,Chief Executives,detailed,133610.0,218600.0,0.0504638691058705,Bachelor's degree
11-1021,General and Operations Managers,detailed,81620.0,124390.0,0.0430350142080468,Bachelor's degree
11-2011,Advertising and Promotions Managers,detailed,122790.0,167230.0,0.0313714826868887,Bachelor's degree
11-2021,Marketing Managers,detailed,139950.0,193620.0,0.0329938389951705,Bachelor's degree
11-2022,Sales Managers,detailed,91210.0,134910.0,0.0399205696769002,Bachelor's degree
11-2032,Public Relations Managers,detailed,125550.0,167980.0,0.0295420419565959,Bachelor's degree
11-2033,Fundraising Managers,detailed,106910.0,135870.0,0.0242607355034485,Bachelor's degree
11-3012,Administrative Services Managers,detailed,92110.0,108890.0,0.016876290765627,Bachelor's degree
11-3013,Facilities Managers,detailed,85870.0,118620.0,0.0328366625950489,Bachelor's degree
11-3021,Computer and Information Systems Managers,detailed,170240.0,218290.0,0.0251731496208802,Bachelor's degree
11-3031,Financial Managers,detailed,136030.0,180770.0,0.0288431395511095,Bachelor's degree
11-3051,Industrial Production Managers,detailed,102490.0,132620.0,0.026107242674118,Bachelor's degree
11-3061,Purchasing Managers,detailed,125000.0,159830.0,0.0248842724689859,Bachelor's degree
11-3071,"Transportation, Storage, and Distribution Managers",detailed,86290.0,123780.0,0.0367379611575717,High school diploma or equivalent
11-3111,Compensation and Benefits Managers,detailed,127420.0,166730.0,0.0272534652354814,Bachelor's degree
11-3121,Human Resources Managers,detailed,129210.0,170080.0,0.027864133750475,Bachelor's degree
11-3131,Training and Development Managers,detailed,121420.0,156260.0,0.0255474501175492,Bachelor's degree
11-9013,"Farmers, Ranchers, and Other Agricultural Managers",detailed,96630.0,109140.0,0.0122486284472784,High school diploma or equivalent
11-9021,Construction Managers,detailed,102780.0,133160.0,0.0262342793350898,Bachelor's degree
11-9031,"Education and Childcare Administrators, Preschool and Daycare",detailed,54020.0,67100.0,0.0219197534415698,Bachelor's degree
11-9032,"Education Administrators, Kindergarten through Secondary",detailed,130110.0,159950.0,0.0208627488504373,Master's degree
11-9033,"Education Administrators, Postsecondary",detailed,94440.0,125460.0,0.0288094161802661,Master's degree
11-9039,"Education Administrators, All Other",detailed,73610.0,99650.0,0.0307516733765138,Bachelor's degree
11-9041,Architectural and Engineering Managers,detailed,169140.0,210280.0,0.022010044651886,Bachelor's degree
11-9051,Food Service Managers,detailed,60040.0,78260.0,0.026856877040523,High school diploma or equivalent
11-9071,Gambling Managers,detailed,79810.0,99230.0,0.0220180548342794,High school diploma or equivalent
11-9072,"Entertainment and Recreation Managers, Except Gambling",detailed,63370.0,79550.0,0.0230000329153812,Bachelor's degree
11-9081,Lodging Managers,detailed,62690.0,76950.0,0.0207068643046695,High school diploma or equivalent
11-9111,Medical and Health Services Managers,detailed,98470.0,141480.0,0.0369053405938117,Bachelor's degree
11-9121,Natural Sciences Managers,detailed,167630.0,210230.0,0.0229026283475455,Bachelor's degree
11-9131,Postmasters and Mail Superintendents,detailed,94350.0,101150.0,0.0069836015851194,High school diploma or equivalent
11-9141,"Property, Real Estate, and Community Association Managers",detailed,53840.0,77030.0,0.0364670130926967,High school diploma or equivalent
11-9151,Social and Community Service Managers,detailed,70810.0,83210.0,0.0162676301036366,Bachelor's degree
11-9161,Emergency Management Directors,detailed,105320.0,129910.0,0.0212055660175287,Bachelor's degree
11-9171,Funeral Home Managers,detailed,74130.0,82370.0,0.0105958409375994,Associate's degree
11-9179,"Personal Service Managers, All Other",detailed,67320.0,77840.0,0.0146257312976363,High school diploma or equivalent
11-9199,"Managers, All Other",detailed,132000.0,174560.0,0.0283408312069821,Bachelor's degree
13-1011,"Agents and Business Managers of Artists, Performers, and Athletes",detailed,76010.0,98110.0,0.0258509248346159,Bachelor's degree
13-1020,Buyers and Purchasing Agents,detailed,66150.0,82720.0,0.0226053669830865,Bachelor's degree
13-1031,"Claims Adjusters, Examiners, and Investigators",detailed,72280.0,91790.0,0.0241833766564549,High school diploma or equivalent
13-1032,"Insurance Appraisers, Auto Damage",detailed,74450.0,78930.0,0.0058604682035676,Postsecondary nondegree award
13-1041,Compliance Officers,detailed,71240.0,96980.0,0.0313256683303684,Bachelor's degree
13-1051,Cost Estimators,detailed,65690.0,85460.0,0.026659340413617,Bachelor's degree
13-1071,Human Resources Specialists,detailed,66060.0,83500.0,0.0237049201656784,Bachelor's degree
13-1074,Farm Labor Contractors,detailed,66960.0,85710.0,0.0249946651785333,No formal educational credential
13-1075,Labor Relations Specialists,detailed,76770.0,105810.0,0.0326033207893357,Bachelor's degree
13-1081,Logisticians,detailed,71910.0,92890.0,0.0259305619310385,Bachelor's degree
13-1082,Project Management Specialists,detailed,85620.0,120910.0,0.035115232891455,Bachelor's degree
13-1111,Management Analysts,detailed,77440.0,101460.0,0.0273843629533192,Bachelor's degree
13-1121,"Meeting, Convention, and Event Planners",detailed,56360.0,71120.0,0.0235335348086893,Bachelor's degree
13-1131,Fundraisers,detailed,62360.0,79710.0,0.0248508608815616,Bachelor's degree
13-1141,"Compensation, Benefits, and Job Analysis Specialists",detailed,73790.0,91410.0,0.0216440731049942,Bachelor's degree
13-1151,Training and Development Specialists,detailed,51360.0,75790.0,0.0396776049393778,Bachelor's degree
13-1161,Market Research Analysts and Marketing Specialists,detailed,65290.0,94700.0,0.0378876184564338,Bachelor's degree
13-1199,"Business Operations Specialists, All Other",detailed,63040.0,87570.0,0.0334129857110709,Bachelor's degree
13-2011,Accountants and Auditors,detailed,75810.0,97050.0,0.0250071723235105,Bachelor's degree
13-2020,Property Appraisers and Assessors,detailed,70310.0,88900.0,0.0237371565693871,Bachelor's degree
13-2031,Budget Analysts,detailed,80860.0,99520.0,0.0209810068151601,Bachelor's degree
13-2041,Credit Analysts,detailed,76380.0,97860.0,0.0250913190790371,Bachelor's degree
13-2051,Financial and Investment Analysts,detailed,86440.0,109110.0,0.0235639456549872,Bachelor's degree
13-2052,Personal Financial Advisors,detailed,83860.0,130330.0,0.0450785973671876,Bachelor's degree
13-2053,Insurance Underwriters,detailed,77370.0,95320.0,0.0210832303954859,Bachelor's degree
13-2054,Financial Risk Specialists,detailed,100160.0,129110.0,0.0257146454104646,Bachelor's degree
13-2061,Financial Examiners,detailed,80120.0,106000.0,0.0283867974051761,Bachelor's degree
13-2071,Credit Counselors,detailed,56040.0,67120.0,0.0182053675398725,Bachelor's degree
13-2072,Loan Officers,detailed,53670.0,81770.0,0.0430046394619327,Bachelor's degree
13-2081,"Tax Examiners and Collectors, and Revenue Agents",detailed,58610.0,74110.0,0.0237419721549323,Bachelor's degree
13-2082,Tax Preparers,detailed,47420.0,70030.0,0.039757969155042,High school diploma or equivalent
13-2099,"Financial Specialists, All Other",detailed,64260.0,80810.0,0.02318093322758,Bachelor's degree
15-1211,Computer Systems Analysts,detailed,101150.0,127720.0,0.0235977021431921,Bachelor's degree
15-1212,Information Security Analysts,detailed,101840.0,138570.0,0.0312764077831131,Bachelor's degree
15-1221,Computer and Information Research Scientists,detailed,112170.0,159100.0,0.0355697266166039,Master's degree
15-1231,Computer Network Support Specialists,detailed,56790.0,79190.0,0.0338079020391843,Associate's degree
15-1232,Computer User Support Specialists,detailed,62790.0,79570.0,0.0239668276569615,"Some college, no degree"
15-1241,Computer Network Architects,detailed,127610.0,158870.0,0.0221525553268053,Bachelor's degree
15-1242,Database Administrators,detailed,83720.0,113060.0,0.0304999526161249,Bachelor's degree
15-1243,Database Architects,detailed,132880.0,170160.0,0.0250375751062401,Bachelor's degree
15-1244,Network and Computer Systems Administrators,detailed,88680.0,106440.0,0.0184223417770441,Bachelor's degree
15-1251,Computer Programmers,detailed,83490.0,116760.0,0.0341081538788046,Bachelor's degree
15-1252,Software Developers,detailed,136990.0,174410.0,0.024444067089834,Bachelor's degree
15-1253,Software Quality Assurance Analysts and Testers,detailed,93530.0,128740.0,0.0324671843311015,Bachelor's degree
15-1254,Web Developers,detailed,80620.0,119570.0,0.0402026205452628,Bachelor's degree
15-1255,Web and Digital Interface Designers,detailed,91600.0,136110.0,0.0403978739177535,Bachelor's degree
15-1299,"Computer Occupations, All Other",detailed,87350.0,134440.0,0.0440626493622819,Bachelor's degree
15-2011,Actuaries,detailed,101600.0,130510.0,0.0253567816707815,Bachelor's degree
15-2021,Mathematicians,detailed,101230.0,126710.0,0.0227044965049376,Master's degree
15-2031,Operations Research Analysts,detailed,79990.0,102100.0,0.0247053520297146,Bachelor's degree
15-2041,Statisticians,detailed,100210.0,135960.0,0.0309794513859917,Master's degree
15-2051,Data Scientists,detailed,103360.0,141590.0,0.0319722237500332,Bachelor's degree
15-2099,"Mathematical Science Occupations, All Other",detailed,68000.0,180500.0,0.1025462827316456,Bachelor's degree
17-1011,"Architects, Except Landscape and Naval",detailed,85990.0,108540.0,0.0235620768524884,Bachelor's degree
17-1012,Landscape Architects,detailed,74960.0,98380.0,0.0275612633855282,Bachelor's degree
17-1021,Cartographers and Photogrammetrists,detailed,75370.0,102780.0,0.0315042217748542,Bachelor's degree
17-1022,Surveyors,detailed,78500.0,105330.0,0.0298364110517177,Bachelor's degree
17-2011,Aerospace Engineers,detailed,129010.0,157620.0,0.0202316559832618,Bachelor's degree
17-2031,Bioengineers and Biomedical Engineers,detailed,105950.0,128310.0,0.0193326950071239,Bachelor's degree
17-2051,Civil Engineers,detailed,96590.0,122500.0,0.0240481852099936,Bachelor's degree
17-2061,Computer Hardware Engineers,detailed,150700.0,185180.0,0.0208174439166715,Bachelor's degree
17-2071,Electrical Engineers,detailed,106100.0,144040.0,0.0310429877001339,Bachelor's degree
17-2072,"Electronics Engineers, Except Computer",detailed,125040.0,160520.0,0.0252930620589511,Bachelor's degree
17-2081,Environmental Engineers,detailed,95950.0,130410.0,0.0311612672866383,Bachelor's degree
17-2111,"Health and Safety Engineers, Except Mining Safety Engineers and Inspectors",detailed,103460.0,131540.0,0.0243032161733081,Bachelor's degree
17-2112,Industrial Engineers,detailed,98380.0,124600.0,0.0239084389161676,Bachelor's degree
17-2121,Marine Engineers and Naval Architects,detailed,89700.0,110700.0,0.0212581086273984,Bachelor's degree
17-2131,Materials Engineers,detailed,103250.0,128470.0,0.0220947708141889,Bachelor's degree
17-2141,Mechanical Engineers,detailed,102360.0,130900.0,0.0248986874186323,Bachelor's degree
17-2151,"Mining and Geological Engineers, Including Mining Safety Engineers",detailed,122120.0,158130.0,0.0261781130715319,Bachelor's degree
17-2161,Nuclear Engineers,detailed,135400.0,172400.0,0.0244525780973061,Bachelor's degree
17-2171,Petroleum Engineers,detailed,126500.0,143590.0,0.0127526004548901,Bachelor's degree
17-2199,"Engineers, All Other",detailed,98520.0,130850.0,0.0287857317449562,Bachelor's degree
17-3011,Architectural and Civil Drafters,detailed,62220.0,76520.0,0.0209030362809927,Associate's degree
17-3012,Electrical and Electronics Drafters,detailed,63180.0,78310.0,0.0217008630545174,Associate's degree
17-3013,Mechanical Drafters,detailed,65900.0,82510.0,0.0227326418639211,Associate's degree
17-3019,"Drafters, All Other",detailed,61160.0,73390.0,0.0183966008803333,Associate's degree
17-3021,Aerospace Engineering and Operations Technologists and Technicians,detailed,81560.0,99000.0,0.0195670643146661,Associate's degree
17-3022,Civil Engineering Technologists and Technicians,detailed,65610.0,83490.0,0.0243926230575377,Associate's degree
17-3023,Electrical and Electronic Engineering Technologists and Technicians,detailed,73550.0,86090.0,0.0158673517812277,Associate's degree
17-3024,Electro-Mechanical and Mechatronics Technologists and Technicians,detailed,71090.0,81550.0,0.013821612273233,Associate's degree
17-3025,Environmental Engineering Technologists and Technicians,detailed,49400.0,60010.0,0.0196465820619811,Associate's degree
17-3026,Industrial Engineering Technologists and Technicians,detailed,62290.0,79070.0,0.0241400283272197,Associate's degree
17-3027,Mechanical Engineering Technologists and Technicians,detailed,69490.0,87390.0,0.0231844770981881,Associate's degree
17-3028,Calibration Technologists and Technicians,detailed,61890.0,79010.0,0.0247222303645244,Associate's degree
17-3029,"Engineering Technologists and Technicians, Except Drafters, All Other",detailed,63250.0,80480.0,0.0243838991514393,Associate's degree
17-3031,Surveying and Mapping Technicians,detailed,61090.0,78110.0,0.0248814939994235,High school diploma or equivalent
19-1012,Food Scientists and Technologists,detailed,74660.0,93950.0,0.0232479420896887,Bachelor's degree
19-1013,Soil and Plant Scientists,detailed,73270.0,91930.0,0.0229469383670755,Bachelor's degree
19-1021,Biochemists and Biophysicists,detailed,105920.0,139580.0,0.0279796613312548,Doctoral or professional degree
19-1022,Microbiologists,detailed,80060.0,108530.0,0.0308925989574813,Bachelor's degree
19-1023,Zoologists and Wildlife Biologists,detailed,75250.0,98530.0,0.0273210757178983,Bachelor's degree
19-1029,"Biological Scientists, All Other",detailed,86090.0,113530.0,0.0280536823461818,Bachelor's degree
19-1031,Conservation Scientists,detailed,64310.0,79810.0,0.0218281908899304,Bachelor's degree
19-1032,Foresters,detailed,91170.0,107120.0,0.0162530474321507,Bachelor's degree
19-1041,Epidemiologists,detailed,86310.0,110760.0,0.0252556777652157,Master's degree
19-1042,"Medical Scientists, Except Epidemiologists",detailed,109570.0,136990.0,0.0225857122721155,Doctoral or professional degree
19-1099,"Life Scientists, All Other",detailed,79880.0,102830.0,0.0255767764586771,Bachelor's degree
19-2011,Astronomers,detailed,76020.0,123540.0,0.0497550515020563,Doctoral or professional degree
19-2012,Physicists,detailed,173450.0,207490.0,0.0180808925815831,Doctoral or professional degree
19-2021,Atmospheric and Space Scientists,detailed,105910.0,124920.0,0.0166454018871902,Bachelor's degree
19-2031,Chemists,detailed,76340.0,97860.0,0.0251450183033377,Bachelor's degree
19-2032,Materials Scientists,detailed,131060.0,177030.0,0.0305229559459507,Bachelor's degree
19-2041,"Environmental Scientists and Specialists, Including Health",detailed,81480.0,106510.0,0.0271501559760918,Bachelor's degree
19-2042,"Geoscientists, Except Hydrologists and Geographers",detailed,73850.0,106500.0,0.0372893305546622,Bachelor's degree
19-2043,Hydrologists,detailed,93640.0,122110.0,0.0269019596352524,Bachelor's degree
19-2099,"Physical Scientists, All Other",detailed,106480.0,130610.0,0.0206358964626143,Bachelor's degree
19-3011,Economists,detailed,91320.0,119410.0,0.0271821873095639,Master's degree
19-3022,Survey Researchers,detailed,68840.0,83520.0,0.0195181515911244,Master's degree
19-3033,Clinical and Counseling Psychologists,detailed,77050.0,116000.0,0.0417620547982124,Doctoral or professional degree
19-3034,School Psychologists,detailed,109940.0,127780.0,0.0151511597568054,Master's degree
19-3039,"Psychologists, All Other",detailed,95160.0,157540.0,0.0517042786820882,Master's degree
19-3041,Sociologists,detailed,98770.0,125770.0,0.0244604591785673,Master's degree
19-3051,Urban and Regional Planners,detailed,90330.0,109610.0,0.01953424249526,Master's degree
19-3091,Anthropologists and Archeologists,detailed,62620.0,72240.0,0.0143935226914337,Master's degree
19-3092,Geographers,detailed,97680.0,114460.0,0.0159791819278318,Bachelor's degree
19-3093,Historians,detailed,73460.0,97420.0,0.0286312641961195,Master's degree
19-3099,"Social Scientists and Related Workers, All Other",detailed,79410.0,97900.0,0.0211528401099665,Bachelor's degree
19-4012,Agricultural Technicians,detailed,46710.0,60320.0,0.0259002757691777,Associate's degree
19-4013,Food Science Technicians,detailed,47080.0,54200.0,0.0141828989335657,Associate's degree
19-4021,Biological Technicians,detailed,56200.0,71440.0,0.0242842929987459,Bachelor's degree
19-4031,Chemical Technicians,detailed,49810.0,59510.0,0.0179520958070977,Associate's degree
19-4042,"Environmental Science and Protection Technicians, Including Health",detailed,46990.0,61220.0,0.0268069227350233,Associate's degree
19-4043,"Geological Technicians, Except Hydrologic Technicians",detailed,53610.0,69410.0,0.0261660062775122,Associate's degree
19-4044,Hydrologic Technicians,detailed,55370.0,70790.0,0.0248722612926295,Associate's degree
19-4051,Nuclear Technicians,detailed,94470.0,99270.0,0.0049684105033509,Associate's degree
19-4061,Social Science Research Assistants,detailed,41670.0,60250.0,0.0375603215583513,Bachelor's degree
19-4071,Forest and Conservation Technicians,detailed,48550.0,58120.0,0.0181543876068268,Associate's degree
19-4092,Forensic Science Technicians,detailed,80810.0,102100.0,0.0236607782478328,Bachelor's degree
19-4099,"Life, Physical, and Social Science Technicians, All Other",detailed,62620.0,78350.0,0.0226631184832444,Associate's degree
19-5011,Occupational Health and Safety Specialists,detailed,77080.0,102840.0,0.0292527503833053,Bachelor's degree
19-5012,Occupational Health and Safety Technicians,detailed,54920.0,61360.0,0.0111497579615615,High school diploma or equivalent
21-1012,"Educational, Guidance, and Career Counselors and Advisors",detailed,63910.0,86500.0,0.0307295546814627,Master's degree
21-1013,Marriage and Family Therapists,detailed,49680.0,67300.0,0.0308212141920467,Master's degree
21-1015,Rehabilitation Counselors,detailed,37560.0,44480.0,0.017053782918273,Master's degree
21-1018,"Substance Abuse, Behavioral Disorder, and Mental Health Counselors",detailed,47640.0,59250.0,0.0220488647984169,Master's degree
21-1019,"Counselors, All Other",detailed,45480.0,48850.0,0.0071737801178661,Master's degree
21-1021,"Child, Family, and School Social Workers",detailed,52270.0,65200.0,0.0223497839916289,Bachelor's degree
21-1022,Healthcare Social Workers,detailed,67630.0,89660.0,0.0285986138136631,Master's degree
21-1023,Mental Health and Substance Abuse Social Workers,detailed,57800.0,79000.0,0.0317391852823936,Master's degree
21-1029,"Social Workers, All Other",detailed,42350.0,63010.0,0.0405323969234601,Bachelor's degree
21-1091,Health Education Specialists,detailed,54850.0,63610.0,0.0149271640852048,Bachelor's degree
21-1092,Probation Officers and Correctional Treatment Specialists,detailed,80300.0,103640.0,0.0258436769304371,Bachelor's degree
21-1093,Social and Human Service Assistants,detailed,46110.0,51090.0,0.0103086656438102,High school diploma or equivalent
21-1094,Community Health Workers,detailed,50040.0,58050.0,0.0149589844359099,High school diploma or equivalent
21-1099,"Community and Social Service Specialists, All Other",detailed,47550.0,58770.0,0.0214109677825378,Bachelor's degree
21-2011,Clergy,detailed,61310.0,77710.0,0.0239872739374746,Bachelor's degree
21-2021,"Directors, Religious Activities and Education",detailed,45800.0,61570.0,0.0300311708865688,Bachelor's degree
21-2099,"Religious Workers, All Other",detailed,36870.0,45440.0,0.0211193792704722,Bachelor's degree
23-1011,Lawyers,detailed,131120.0,195080.0,0.0405294598740768,Doctoral or professional degree
23-1012,Judicial Law Clerks,detailed,65740.0,79030.0,0.01858254178332,Doctoral or professional degree
23-1022,"Arbitrators, Mediators, and Conciliators",detailed,75170.0,97680.0,0.0265405516410144,Bachelor's degree
23-2011,Paralegals and Legal Assistants,detailed,60170.0,77390.0,0.025487765729496,Associate's degree
23-2093,"Title Examiners, Abstractors, and Searchers",detailed,59190.0,67230.0,0.0128181539646918,High school diploma or equivalent
23-2099,"Legal Support Workers, All Other",detailed,64930.0,85830.0,0.0282988993781578,Associate's degree
25-1011,"Business Teachers, Postsecondary",detailed,80600.0,128470.0,0.0477234593932909,Doctoral or professional degree
25-1021,"Computer Science Teachers, Postsecondary",detailed,93000.0,128210.0,0.0326279958979236,Doctoral or professional degree
25-1022,"Mathematical Science Teachers, Postsecondary",detailed,101600.0,130680.0,0.0254902645937895,Doctoral or professional degree
25-1031,"Architecture Teachers, Postsecondary",detailed,76610.0,103520.0,0.030561419706558,Doctoral or professional degree
25-1032,"Engineering Teachers, Postsecondary",detailed,104920.0,137280.0,0.0272470407977045,Doctoral or professional degree
25-1041,"Agricultural Sciences Teachers, Postsecondary",detailed,77530.0,109930.0,0.0355346714839539,Doctoral or professional degree
25-1042,"Biological Science Teachers, Postsecondary",detailed,99550.0,129150.0,0.0263732262780924,Doctoral or professional degree
25-1043,"Forestry and Conservation Science Teachers, Postsecondary",detailed,48630.0,61730.0,0.0241396980598651,Doctoral or professional degree
25-1051,"Atmospheric, Earth, Marine, and Space Sciences Teachers, Postsecondary",detailed,99270.0,133230.0,0.0298604985181467,Doctoral or professional degree
25-1052,"Chemistry Teachers, Postsecondary",detailed,102980.0,132960.0,0.025880587629268,Doctoral or professional degree
25-1053,"Environmental Science Teachers, Postsecondary",detailed,78070.0,108290.0,0.0332619040809687,Doctoral or professional degree
25-1054,"Physics Teachers, Postsecondary",detailed,105810.0,139420.0,0.0279685700807963,Doctoral or professional degree
25-1061,"Anthropology and Archeology Teachers, Postsecondary",detailed,99740.0,128370.0,0.0255560895823112,Doctoral or professional degree
25-1062,"Area, Ethnic, and Cultural Studies Teachers, Postsecondary",detailed,88110.0,105220.0,0.0179051452595651,Doctoral or professional degree
25-1063,"Economics Teachers, Postsecondary",detailed,100310.0,137360.0,0.0319332477652725,Doctoral or professional degree
25-1064,"Geography Teachers, Postsecondary",detailed,112980.0,146040.0,0.0259992076620119,Doctoral or professional degree
25-1065,"Political Science Teachers, Postsecondary",detailed,100380.0,124890.0,0.0220874305080993,Doctoral or professional degree
25-1066,"Psychology Teachers, Postsecondary",detailed,81600.0,107340.0,0.0277965208020307,Doctoral or professional degree
25-1067,"Sociology Teachers, Postsecondary",detailed,96530.0,127680.0,0.0283620865470202,Doctoral or professional degree
25-1069,"Social Sciences Teachers, Postsecondary, All Other",detailed,82230.0,132920.0,0.0491944974218436,Doctoral or professional degree
25-1071,"Health Specialties Teachers, Postsecondary",detailed,99960.0,165110.0,0.051464738630313,Doctoral or professional degree
25-1072,"Nursing Instructors and Teachers, Postsecondary",detailed,62530.0,81960.0,0.0274278933928682,Doctoral or professional degree
25-1081,"Education Teachers, Postsecondary",detailed,79040.0,111850.0,0.0353302556969994,Doctoral or professional degree
25-1082,"Library Science Teachers, Postsecondary",detailed,98980.0,125640.0,0.024136979295855,Doctoral or professional degree
25-1111,"Criminal Justice and Law Enforcement Teachers, Postsecondary",detailed,82190.0,139720.0,0.0544936277191252,Doctoral or professional degree
25-1112,"Law Teachers, Postsecondary",detailed,88710.0,119540.0,0.0302771483204602,Doctoral or professional degree
25-1113,"Social Work Teachers, Postsecondary",detailed,74160.0,81500.0,0.0094824864658047,Doctoral or professional degree
25-1121,"Art, Drama, and Music Teachers, Postsecondary",detailed,74960.0,99410.0,0.0286320445476726,Master's degree
25-1122,"Communications Teachers, Postsecondary",detailed,102290.0,135000.0,0.0281347993377645,Doctoral or professional degree
25-1123,"English Language and Literature Teachers, Postsecondary",detailed,95900.0,130490.0,0.0312782594130292,Doctoral or professional degree
25-1124,"Foreign Language and Literature Teachers, Postsecondary",detailed,64680.0,99860.0,0.0443886779230815,Doctoral or professional degree
25-1125,"History Teachers, Postsecondary",detailed,85200.0,127170.0,0.0408652454293259,Doctoral or professional degree
25-1126,"Philosophy and Religion Teachers, Postsecondary",detailed,89530.0,105820.0,0.016857081083383,Doctoral or professional degree
25-1192,"Family and Consumer Sciences Teachers, Postsecondary",detailed,58220.0,97620.0,0.0530443449353383,Doctoral or professional degree
25-1193,"Recreation and Fitness Studies Teachers, Postsecondary",detailed,77450.0,127780.0,0.051342319073993,Doctoral or professional degree
25-1194,"Career/Technical Education Teachers, Postsecondary",detailed,52110.0,76630.0,0.0393163878052404,Bachelor's degree
25-1199,"Postsecondary Teachers, All Other",detailed,71310.0,100690.0,0.0351030551861712,Doctoral or professional degree
25-2011,"Preschool Teachers, Except Special Education",detailed,43910.0,47400.0,0.0076773351758447,Associate's degree
25-2012,"Kindergarten Teachers, Except Special Education",detailed,64100.0,82550.0,0.0256186388696164,Bachelor's degree
25-2021,"Elementary School Teachers, Except Special Education",detailed,77140.0,99650.0,0.0259348127388512,Bachelor's degree
25-2022,"Middle School Teachers, Except Special and Career/Technical Education",detailed,76270.0,98950.0,0.0263753310474841,Bachelor's degree
25-2031,"Secondary School Teachers, Except Special and Career/Technical Education",detailed,79710.0,101370.0,0.0243294609664994,Bachelor's degree
25-2032,"Career/Technical Education Teachers, Secondary School",detailed,64330.0,80620.0,0.0228287439392582,Bachelor's degree
25-2051,"Special Education Teachers, Preschool",detailed,48400.0,59550.0,0.0209480416369931,Bachelor's degree
25-2052,"Special Education Teachers, Kindergarten and Elementary School",detailed,76700.0,97170.0,0.0239380547177467,Bachelor's degree
25-2057,"Special Education Teachers, Middle School",detailed,80550.0,101530.0,0.0234176065000648,Bachelor's degree
25-2058,"Special Education Teachers, Secondary School",detailed,79740.0,101060.0,0.0239772461267149,Bachelor's degree
25-2059,"Special Education Teachers, All Other",detailed,82090.0,103050.0,0.0230003305601405,Bachelor's degree
25-3011,"Adult Basic Education, Adult Secondary Education, and English as a Second Language Instructors",detailed,68750.0,102030.0,0.0402686687365398,Bachelor's degree
25-3021,Self-Enrichment Teachers,detailed,40480.0,49570.0,0.0204643601063923,High school diploma or equivalent
25-3031,"Substitute Teachers, Short-Term",detailed,49210.0,60300.0,0.0205314539456551,Bachelor's degree
25-3041,Tutors,detailed,39450.0,45100.0,0.0134747976207709,"Some college, no degree"
25-3099,"Teachers and Instructors, All Other",detailed,62510.0,87460.0,0.0341558604835474,Bachelor's degree
25-4011,Archivists,detailed,53200.0,70530.0,0.0285993017130843,Master's degree
25-4012,Curators,detailed,66480.0,78740.0,0.0170690530139341,Master's degree
25-4013,Museum Technicians and Conservators,detailed,49600.0,61550.0,0.0218205628849639,Bachelor's degree
25-4022,Librarians and Media Collections Specialists,detailed,66540.0,89790.0,0.0304205645433346,Master's degree
25-4031,Library Technicians,detailed,45570.0,53260.0,0.015715812081257,Postsecondary nondegree award
25-9021,Farm and Home Management Educators,detailed,97030.0,98770.0,0.001778951047602,Master's degree
25-9031,Instructional Coordinators,detailed,66560.0,97010.0,0.0383895744938398,Master's degree
25-9044,"Teaching Assistants, Postsecondary",detailed,37440.0,49140.0,0.0275664856754414,Bachelor's degree
25-9045,"Teaching Assistants, Except Postsecondary",detailed,39590.0,46490.0,0.0161958206634966,"Some college, no degree"
25-9099,"Educational Instruction and Library Workers, All Other",detailed,42240.0,64100.0,0.042589656522004,Bachelor's degree
27-1011,Art Directors,detailed,106470.0,137780.0,0.0261146606088624,Bachelor's degree
27-1012,Craft Artists,detailed,62500.0,100540.0,0.0486870048984178,No formal educational credential
27-1013,"Fine Artists, Including Painters, Sculptors, and Illustrators",detailed,37560.0,58240.0,0.0448394893956449,Bachelor's degree
27-1014,Special Effects Artists and Animators,detailed,99280.0,130540.0,0.0277516530706281,Bachelor's degree
27-1019,"Artists and Related Workers, All Other",detailed,36580.0,60540.0,0.0516709351148116,No formal educational credential
27-1021,Commercial and Industrial Designers,detailed,76060.0,100770.0,0.0285312554259988,Bachelor's degree
27-1023,Floral Designers,detailed,39540.0,47040.0,0.0175202588812342,High school diploma or equivalent
27-1024,Graphic Designers,detailed,55500.0,75130.0,0.0307469077113424,Bachelor's degree
27-1025,Interior Designers,detailed,63370.0,80230.0,0.0238711561648217,Bachelor's degree
27-1026,Merchandise Displayers and Window Trimmers,detailed,40800.0,47010.0,0.0142686656763557,High school diploma or equivalent
27-1027,Set and Exhibit Designers,detailed,73200.0,105030.0,0.0367647635520029,Bachelor's degree
27-1029,"Designers, All Other",detailed,51020.0,65420.0,0.0251726433457635,Bachelor's degree
27-2012,Producers and Directors,detailed,83110.0,129790.0,0.045583677773541,Bachelor's degree
27-2021,Athletes and Sports Competitors,detailed,65780.0,79040.0,0.018533473127972,No formal educational credential
27-2022,Coaches and Scouts,detailed,38260.0,47660.0,0.0222118406341707,Bachelor's degree
27-2023,"Umpires, Referees, and Other Sports Officials",detailed,38010.0,44530.0,0.0159573639232153,High school diploma or equivalent
27-2032,Choreographers,detailed,51020.0,75000.0,0.0392788301631081,High school diploma or equivalent
27-2041,Music Directors and Composers,detailed,66810.0,93090.0,0.0337277046960291,Bachelor's degree
27-3031,Public Relations Specialists,detailed,64460.0,85030.0,0.028083023468769,Bachelor's degree
27-3041,Editors,detailed,71090.0,98030.0,0.0326545164922869,Bachelor's degree
27-3042,Technical Writers,detailed,84250.0,104000.0,0.0212835647486024,Bachelor's degree
27-3043,Writers and Authors,detailed,75530.0,86480.0,0.0136303825839865,Bachelor's degree
27-3091,Interpreters and Translators,detailed,56230.0,70770.0,0.0232649800680542,Bachelor's degree
27-3092,Court Reporters and Simultaneous Captioners,detailed,86560.0,116020.0,0.0297257220351292,Postsecondary nondegree award
27-3099,"Media and Communication Workers, All Other",detailed,63530.0,102630.0,0.0491305832661832,High school diploma or equivalent
27-4011,Audio and Video Technicians,detailed,48230.0,64620.0,0.0296863822570709,Postsecondary nondegree award
27-4012,Broadcast Technicians,detailed,48060.0,72800.0,0.0424008606693122,Associate's degree
27-4014,Sound Engineering Technicians,detailed,53150.0,78150.0,0.0393039343770724,Postsecondary nondegree award
27-4015,Lighting Technicians,detailed,61040.0,94070.0,0.044199935161918,Postsecondary nondegree award
27-4021,Photographers,detailed,38410.0,47840.0,0.0221971985384095,High school diploma or equivalent
27-4031,"Camera Operators, Television, Video, and Film",detailed,76060.0,106900.0,0.034623023174594,Bachelor's degree
27-4032,Film and Video Editors,detailed,60810.0,88490.0,0.0382260444081061,Bachelor's degree
27-4099,"Media and Communication Equipment Workers, All Other",detailed,51480.0,64550.0,0.0228825525185916,High school diploma or equivalent
29-1011,Chiropractors,detailed,61560.0,75470.0,0.0205812232605513,Doctoral or professional degree
29-1021,"Dentists, General",detailed,124470.0,165950.0,0.0291798073865707,Doctoral or professional degree
29-1029,"Dentists, All Other Specialists",detailed,147540.0,230730.0,0.045729666308331,Doctoral or professional degree
29-1031,Dietitians and Nutritionists,detailed,83270.0,98850.0,0.0172994528141356,Bachelor's degree
29-1041,Optometrists,detailed,122960.0,136300.0,0.0103531507509222,Doctoral or professional degree
29-1051,Pharmacists,detailed,138360.0,164610.0,0.0175237764367499,Doctoral or professional degree
29-1071,Physician Assistants,detailed,136730.0,165650.0,0.0193721464159255,Master's degree
29-1081,Podiatrists,detailed,141120.0,201300.0,0.0361568935675993,Doctoral or professional degree
29-1122,Occupational Therapists,detailed,103950.0,124510.0,0.0182114441027787,Master's degree
29-1123,Physical Therapists,detailed,100790.0,124190.0,0.0210968071069392,Doctoral or professional degree
29-1124,Radiation Therapists,detailed,131570.0,166450.0,0.0237942651215121,Associate's degree
29-1125,Recreational Therapists,detailed,79820.0,98170.0,0.0209082344243052,Bachelor's degree
29-1126,Respiratory Therapists,detailed,87750.0,104820.0,0.0179341934910686,Associate's degree
29-1127,Speech-Language Pathologists,detailed,98920.0,118970.0,0.0186273562099583,Master's degree
29-1128,Exercise Physiologists,detailed,54900.0,62440.0,0.0129524402059224,Bachelor's degree
29-1129,"Therapists, All Other",detailed,70730.0,81760.0,0.0145973472204632,Bachelor's degree
29-1131,Veterinarians,detailed,125460.0,163920.0,0.0270998510053752,Doctoral or professional degree
29-1141,Registered Nurses,detailed,122440.0,140270.0,0.0136876317790446,Bachelor's degree
29-1151,Nurse Anesthetists,detailed,277920.0,292410.0,0.005095299564237,Master's degree
29-1161,Nurse Midwives,detailed,176080.0,203840.0,0.0147473786805754,Master's degree
29-1171,Nurse Practitioners,detailed,145980.0,168520.0,0.0144620592464439,Master's degree
29-1181,Audiologists,detailed,74090.0,114910.0,0.0448641367490911,Doctoral or professional degree
29-1212,Cardiologists,detailed,112020.0,185610.0,0.0517937365179119,Doctoral or professional degree
29-1215,Family Medicine Physicians,detailed,137220.0,252010.0,0.0626739533334814,Doctoral or professional degree
29-1216,General Internal Medicine Physicians,detailed,129110.0,313890.0,0.0929033568332462,Doctoral or professional degree
29-1217,Neurologists,detailed,302620.0,357080.0,0.0166858751153113,Doctoral or professional degree
29-1218,Obstetricians and Gynecologists,detailed,198720.0,301240.0,0.0424784979899457,Doctoral or professional degree
29-1221,"Pediatricians, General",detailed,125990.0,214140.0,0.0544747195766972,Doctoral or professional degree
29-1222,"Physicians, Pathologists",detailed,167110.0,186300.0,0.0109298995902133,Doctoral or professional degree
29-1223,Psychiatrists,detailed,173990.0,353500.0,0.0734615989801366,Doctoral or professional degree
29-1224,Radiologists,detailed,106000.0,270560.0,0.0982362447575635,Doctoral or professional degree
29-1229,"Physicians, All Other",detailed,98870.0,281590.0,0.1103381689506046,Doctoral or professional degree
29-1241,"Ophthalmologists, Except Pediatric",detailed,186200.0,400150.0,0.0795041455300742,Doctoral or professional degree
29-1242,"Orthopedic Surgeons, Except Pediatric",detailed,103450.0,253430.0,0.0937366191102788,Doctoral or professional degree
29-1249,"Surgeons, All Other",detailed,128660.0,131990.0,0.0025585571508845,Doctoral or professional degree
29-1291,Acupuncturists,detailed,47990.0,75530.0,0.04639793391111,Master's degree
29-1292,Dental Hygienists,detailed,109730.0,124930.0,0.0130575931969074,Associate's degree
29-1299,"Healthcare Diagnosing or Treating Practitioners, All Other",detailed,92890.0,125550.0,0.0305872741353978,Master's degree
29-2010,Clinical Laboratory Technologists and Technicians,detailed,56700.0,76010.0,0.0297428078910859,Bachelor's degree
29-2031,Cardiovascular Technologists and Technicians,detailed,66090.0,78170.0,0.0169285401668022,Associate's degree
29-2032,Diagnostic Medical Sonographers,detailed,99510.0,128530.0,0.0259206656689214,Associate's degree
29-2033,Nuclear Medicine Technologists,detailed,136820.0,162380.0,0.0172748207048436,Associate's degree
29-2034,Radiologic Technologists and Technicians,detailed,95730.0,121260.0,0.0239221795216395,Associate's degree
29-2035,Magnetic Resonance Imaging Technologists,detailed,92970.0,124000.0,0.0292192144050098,Associate's degree
29-2036,Medical Dosimetrists,detailed,134540.0,140380.0,0.0042581882994652,Bachelor's degree
29-2042,Emergency Medical Technicians,detailed,42610.0,46380.0,0.0085139759094312,Postsecondary nondegree award
29-2043,Paramedics,detailed,63490.0,74590.0,0.0162429084275583,Postsecondary nondegree award
29-2051,Dietetic Technicians,detailed,38340.0,46410.0,0.0192857343555237,Associate's degree
29-2052,Pharmacy Technicians,detailed,46430.0,55110.0,0.0172862459617444,High school diploma or equivalent
29-2053,Psychiatric Technicians,detailed,46620.0,49140.0,0.0052782545097671,Postsecondary nondegree award
29-2055,Surgical Technologists,detailed,64380.0,81310.0,0.023621263598168,Postsecondary nondegree award
29-2056,Veterinary Technologists and Technicians,detailed,51570.0,60630.0,0.0163166573346602,Associate's degree
29-2057,Ophthalmic Medical Technicians,detailed,44810.0,54490.0,0.0197511092481104,Postsecondary nondegree award
29-2061,Licensed Practical and Licensed Vocational Nurses,detailed,74840.0,79750.0,0.0063746562101802,Postsecondary nondegree award
29-2072,Medical Records Specialists,detailed,49000.0,61810.0,0.0234962749138931,Postsecondary nondegree award
29-2081,"Opticians, Dispensing",detailed,47050.0,57990.0,0.0211260322617066,High school diploma or equivalent
29-2091,Orthotists and Prosthetists,detailed,75160.0,91820.0,0.0202228628574705,Master's degree
29-2092,Hearing Aid Specialists,detailed,61830.0,80060.0,0.02617548178238,High school diploma or equivalent
29-2099,"Health Technologists and Technicians, All Other",detailed,51080.0,60390.0,0.0168840001201846,Postsecondary nondegree award
29-9021,Health Information Technologists and Medical Registrars,detailed,65020.0,90750.0,0.0339034079637627,Associate's degree
29-9091,Athletic Trainers,detailed,67600.0,78490.0,0.0150484288507679,Master's degree
29-9092,Genetic Counselors,detailed,117700.0,137650.0,0.0157807429988514,Master's degree
29-9093,Surgical Assistants,detailed,59630.0,62540.0,0.004776124384493,Postsecondary nondegree award
29-9099,"Healthcare Practitioners and Technical Workers, All Other",detailed,54900.0,75800.0,0.0327844398109107,Postsecondary nondegree award
31-1120,Home Health and Personal Care Aides,detailed,34320.0,34320.0,0.0,High school diploma or equivalent
31-1131,Nursing Assistants,detailed,45850.0,47630.0,0.0038160241610476,Postsecondary nondegree award
31-1132,Orderlies,detailed,46920.0,49920.0,0.0062170159442918,High school diploma or equivalent
31-1133,Psychiatric Aides,detailed,45390.0,47500.0,0.0045541281215115,High school diploma or equivalent
31-2011,Occupational Therapy Assistants,detailed,76350.0,81770.0,0.0068818112321855,Associate's degree
31-2012,Occupational Therapy Aides,detailed,39140.0,43480.0,0.0105710933654792,High school diploma or equivalent
31-2021,Physical Therapist Assistants,detailed,75900.0,83110.0,0.0091161358680715,Associate's degree
31-2022,Physical Therapist Aides,detailed,35760.0,38330.0,0.0069644325546354,High school diploma or equivalent
31-9011,Massage Therapists,detailed,35170.0,45970.0,0.0271413509987668,Postsecondary nondegree award
31-9091,Dental Assistants,detailed,46270.0,50110.0,0.008004545037991,Postsecondary nondegree award
31-9092,Medical Assistants,detailed,46240.0,49660.0,0.0071609735928253,Postsecondary nondegree award
31-9093,Medical Equipment Preparers,detailed,49650.0,61370.0,0.0214184235252261,High school diploma or equivalent
31-9094,Medical Transcriptionists,detailed,38650.0,45050.0,0.015440614142671,Postsecondary nondegree award
31-9095,Pharmacy Aides,detailed,37390.0,42200.0,0.0121752149744764,High school diploma or equivalent
31-9096,Veterinary Assistants and Laboratory Animal Caretakers,detailed,39760.0,46260.0,0.0152568427240191,High school diploma or equivalent
31-9097,Phlebotomists,detailed,47800.0,56040.0,0.0160311500630161,Postsecondary nondegree award
31-9099,"Healthcare Support Workers, All Other",detailed,48360.0,49130.0,0.0015809303983236,High school diploma or equivalent
33-1011,First-Line Supervisors of Correctional Officers,detailed,125590.0,131210.0,0.0043872418984076,High school diploma or equivalent
33-1012,First-Line Supervisors of Police and Detectives,detailed,135170.0,163960.0,0.019496547960154,High school diploma or equivalent
33-1021,First-Line Supervisors of Firefighting and Prevention Workers,detailed,100450.0,127630.0,0.0242365811105913,Postsecondary nondegree award
33-1091,First-Line Supervisors of Security Workers,detailed,46040.0,53960.0,0.0159998939217795,High school diploma or equivalent
33-1099,"First-Line Supervisors of Protective Service Workers, All Other",detailed,72230.0,92690.0,0.0252541283747635,High school diploma or equivalent
33-2011,Firefighters,detailed,65170.0,85120.0,0.0270660870893517,Postsecondary nondegree award
33-2021,Fire Inspectors and Investigators,detailed,79370.0,99230.0,0.0225832180635807,Postsecondary nondegree award
33-2022,Forest Fire Inspectors and Prevention Specialists,detailed,71880.0,97370.0,0.0308173273900427,High school diploma or equivalent
33-3012,Correctional Officers and Jailers,detailed,76370.0,96370.0,0.0235331353019023,High school diploma or equivalent
33-3021,Detectives and Criminal Investigators,detailed,99270.0,124840.0,0.0231836078509295,High school diploma or equivalent
33-3031,Fish and Game Wardens,detailed,74790.0,100090.0,0.0295672409173264,Bachelor's degree
33-3041,Parking Enforcement Workers,detailed,46680.0,62280.0,0.029252132903468,High school diploma or equivalent
33-3051,Police and Sheriff's Patrol Officers,detailed,97280.0,118880.0,0.0202545105060221,High school diploma or equivalent
33-3052,Transit and Railroad Police,detailed,95280.0,109650.0,0.0141464826895154,High school diploma or equivalent
33-9011,Animal Control Workers,detailed,54940.0,62630.0,0.0131864560803907,High school diploma or equivalent
33-9021,Private Detectives and Investigators,detailed,45380.0,61250.0,0.0304434432385893,High school diploma or equivalent
33-9031,Gambling Surveillance Officers and Gambling Investigators,detailed,42110.0,44740.0,0.0060766598302262,High school diploma or equivalent
33-9032,Security Guards,detailed,37180.0,43240.0,0.0152140744544633,High school diploma or equivalent
33-9091,Crossing Guards and Flaggers,detailed,38010.0,50610.0,0.0290437677691057,No formal educational credential
33-9092,"Lifeguards, Ski Patrol, and Other Recreational Protective Service Workers",detailed,37320.0,42720.0,0.0136055057304982,No formal educational credential
33-9093,Transportation Security Screeners,detailed,58240.0,73610.0,0.0236972700768791,High school diploma or equivalent
33-9094,School Bus Monitors,detailed,36570.0,38360.0,0.0047901379902524,High school diploma or equivalent
33-9099,"Protective Service Workers, All Other",detailed,36040.0,39330.0,0.0087740839600578,High school diploma or equivalent
35-1011,Chefs and Head Cooks,detailed,46320.0,64500.0,0.0336633461248143,High school diploma or equivalent
35-1012,First-Line Supervisors of Food Preparation and Serving Workers,detailed,44460.0,46980.0,0.0055284327635083,High school diploma or equivalent
35-2011,"Cooks, Fast Food",detailed,37260.0,42050.0,0.0121673290663704,No formal educational credential
35-2012,"Cooks, Institution and Cafeteria",detailed,40240.0,46390.0,0.014323856512487,No formal educational credential
35-2014,"Cooks, Restaurant",detailed,38590.0,44880.0,0.015214488173288,No formal educational credential
35-2015,"Cooks, Short Order",detailed,38250.0,42930.0,0.0116096065863728,No formal educational credential
35-2019,"Cooks, All Other",detailed,38350.0,42860.0,0.011180485861358,No formal educational credential
35-2021,Food Preparation Workers,detailed,37010.0,39350.0,0.0061496145604036,No formal educational credential
35-3011,Bartenders,detailed,34660.0,36220.0,0.0044122221313185,No formal educational credential
35-3023,Fast Food and Counter Workers,detailed,36790.0,42280.0,0.0140059866934902,No formal educational credential
35-3031,Waiters and Waitresses,detailed,34900.0,36080.0,0.0033307211643496,No formal educational credential
35-3041,"Food Servers, Nonrestaurant",detailed,36650.0,39010.0,0.0062599717534128,No formal educational credential
35-9011,Dining Room and Cafeteria Attendants and Bartender Helpers,detailed,34820.0,36010.0,0.0033661270561133,No formal educational credential
35-9021,Dishwashers,detailed,36260.0,37870.0,0.0043538542610623,No formal educational credential
35-9031,"Hosts and Hostesses, Restaurant, Lounge, and Coffee Shop",detailed,35200.0,36640.0,0.0040174943008668,No formal educational credential
35-9099,"Food Preparation and Serving Related Workers, All Other",detailed,35410.0,36910.0,0.0041574433811004,No formal educational credential
37-1011,First-Line Supervisors of Housekeeping and Janitorial Workers,detailed,47850.0,61470.0,0.0253641453979382,High school diploma or equivalent
37-1012,"First-Line Supervisors of Landscaping, Lawn Service, and Groundskeeping Workers",detailed,48610.0,63270.0,0.0267086508949991,High school diploma or equivalent
37-2011,"Janitors and Cleaners, Except Maids and Housekeeping Cleaners",detailed,36830.0,41090.0,0.0110053231367743,No formal educational credential
37-2012,Maids and Housekeeping Cleaners,detailed,36990.0,42660.0,0.0143635897991916,No formal educational credential
37-2019,"Building Cleaning Workers, All Other",detailed,38730.0,45430.0,0.0160837924347769,No formal educational credential
37-2021,Pest Control Workers,detailed,41620.0,47190.0,0.0126393280451513,High school diploma or equivalent
37-3011,Landscaping and Groundskeeping Workers,detailed,38420.0,45560.0,0.0171912964244635,No formal educational credential
37-3012,"Pesticide Handlers, Sprayers, and Applicators, Vegetation",detailed,38940.0,45070.0,0.0147268710049215,High school diploma or equivalent
37-3013,Tree Trimmers and Pruners,detailed,46880.0,62550.0,0.0292573360019567,High school diploma or equivalent
37-3019,"Grounds Maintenance Workers, All Other",detailed,42220.0,48870.0,0.014734464447945,No formal educational credential
39-1013,First-Line Supervisors of Gambling Services Workers,detailed,62120.0,68010.0,0.0090998294644959,High school diploma or equivalent
39-1014,"First-Line Supervisors of Entertainment and Recreation Workers, Except Gambling Services",detailed,45050.0,53620.0,0.0175674386149709,High school diploma or equivalent
39-1022,First-Line Supervisors of Personal Service Workers,detailed,43620.0,56110.0,0.025499518393155,High school diploma or equivalent
39-2011,Animal Trainers,detailed,39730.0,49060.0,0.0213177925271086,High school diploma or equivalent
39-2021,Animal Caretakers,detailed,36810.0,38700.0,0.0050195612625758,High school diploma or equivalent
39-3011,Gambling Dealers,detailed,34320.0,35090.0,0.0022212548369329,High school diploma or equivalent
39-3012,Gambling and Sports Book Writers and Runners,detailed,37880.0,44860.0,0.0170561491141367,High school diploma or equivalent
39-3019,"Gambling Service Workers, All Other",detailed,36390.0,39410.0,0.008004423425286,High school diploma or equivalent
39-3021,Motion Picture Projectionists,detailed,36350.0,74840.0,0.0748873116820005,No formal educational credential
39-3031,"Ushers, Lobby Attendants, and Ticket Takers",detailed,36130.0,37870.0,0.0047146488229645,No formal educational credential
39-3091,Amusement and Recreation Attendants,detailed,35380.0,37000.0,0.0044871596775075,No formal educational credential
39-3092,Costume Attendants,detailed,43930.0,72030.0,0.0506915055228065,High school diploma or equivalent
39-3093,"Locker Room, Coatroom, and Dressing Room Attendants",detailed,38580.0,46560.0,0.0189786270598433,High school diploma or equivalent
39-3099,"Entertainment Attendants and Related Workers, All Other",detailed,38010.0,39490.0,0.0038271240372673,High school diploma or equivalent
39-4011,Embalmers,detailed,50730.0,60060.0,0.0170259786115645,Associate's degree
39-4012,Crematory Operators,detailed,46680.0,49780.0,0.0064504641619698,High school diploma or equivalent
39-4021,Funeral Attendants,detailed,36990.0,38700.0,0.0045294264009521,High school diploma or equivalent
39-4031,"Morticians, Undertakers, and Funeral Arrangers",detailed,44320.0,50750.0,0.0136397415248923,Associate's degree
39-5011,Barbers,detailed,37040.0,38380.0,0.0035601303432442,Postsecondary nondegree award
39-5012,"Hairdressers, Hairstylists, and Cosmetologists",detailed,36600.0,38660.0,0.0054907425114201,Postsecondary nondegree award
39-5091,"Makeup Artists, Theatrical and Performance",detailed,124800.0,140870.0,0.0121861557654627,Postsecondary nondegree award
39-5092,Manicurists and Pedicurists,detailed,35480.0,36630.0,0.0031949348945248,Postsecondary nondegree award
39-5093,Shampooers,detailed,37080.0,37080.0,0.0,No formal educational credential
39-5094,Skincare Specialists,detailed,36290.0,38770.0,0.006632350314218,Postsecondary nondegree award
39-6011,Baggage Porters and Bellhops,detailed,36140.0,40040.0,0.0103005561468076,High school diploma or equivalent
39-6012,Concierges,detailed,38530.0,43560.0,0.0123458018613669,High school diploma or equivalent
39-7010,Tour and Travel Guides,detailed,38770.0,46000.0,0.0172464971880159,High school diploma or equivalent
39-9011,Childcare Workers,detailed,37600.0,40020.0,0.0062570217631205,High school diploma or equivalent
39-9031,Exercise Trainers and Group Fitness Instructors,detailed,45350.0,57990.0,0.0248907694614726,High school diploma or equivalent
39-9032,Recreation Workers,detailed,37320.0,39780.0,0.0064039076380115,High school diploma or equivalent
39-9041,Residential Advisors,detailed,39040.0,46650.0,0.0179681355172589,High school diploma or equivalent
39-9099,"Personal Care and Service Workers, All Other",detailed,35710.0,39860.0,0.0110549142388969,High school diploma or equivalent
41-1011,First-Line Supervisors of Retail Sales Workers,detailed,44920.0,54870.0,0.0202098711085196,High school diploma or equivalent
41-1012,First-Line Supervisors of Non-Retail Sales Workers,detailed,63400.0,81140.0,0.0249780724537673,High school diploma or equivalent
41-2011,Cashiers,detailed,35800.0,37100.0,0.0035732766059366,No formal educational credential
41-2012,Gambling Change Persons and Booth Cashiers,detailed,35530.0,37350.0,0.0050080487189974,No formal educational credential
41-2021,Counter and Rental Clerks,detailed,37630.0,45010.0,0.0180696235449224,No formal educational credential
41-2022,Parts Salespersons,detailed,37090.0,44440.0,0.0182436764637394,No formal educational credential
41-2031,Retail Salespersons,detailed,36350.0,38440.0,0.0056060936712414,No formal educational credential
41-3011,Advertising Sales Agents,detailed,56010.0,80360.0,0.0367580962488927,High school diploma or equivalent
41-3021,Insurance Sales Agents,detailed,49370.0,76120.0,0.0442477910173666,High school diploma or equivalent
41-3031,"Securities, Commodities, and Financial Services Sales Agents",detailed,60340.0,79730.0,0.0282569316108021,Bachelor's degree
41-3041,Travel Agents,detailed,45670.0,51030.0,0.0111590091869093,High school diploma or equivalent
41-3091,"Sales Representatives of Services, Except Advertising, Insurance, Financial Services, and Travel",detailed,53800.0,80850.0,0.041573147287107,High school diploma or equivalent
41-4011,"Sales Representatives, Wholesale and Manufacturing, Technical and Scientific Products",detailed,80300.0,124220.0,0.0445941707281087,Bachelor's degree
41-4012,"Sales Representatives, Wholesale and Manufacturing, Except Technical and Scientific Products",detailed,56460.0,76490.0,0.0308284084712735,High school diploma or equivalent
41-9011,Demonstrators and Product Promoters,detailed,37750.0,46220.0,0.0204489861202401,No formal educational credential
41-9012,Models,detailed,35400.0,57400.0,0.0495203479452628,No formal educational credential
41-9021,Real Estate Brokers,detailed,41600.0,80450.0,0.0681771212101003,High school diploma or equivalent
41-9022,Real Estate Sales Agents,detailed,45520.0,57560.0,0.0237451403060819,High school diploma or equivalent
41-9031,Sales Engineers,detailed,102770.0,139160.0,0.0307772062423352,Bachelor's degree
41-9041,Telemarketers,detailed,37290.0,46000.0,0.0212134940673054,No formal educational credential
41-9091,"Door-to-Door Sales Workers, News and Street Vendors, and Related Workers",detailed,35090.0,39520.0,0.0119600242223161,No formal educational credential
41-9099,"Sales and Related Workers, All Other",detailed,41600.0,52810.0,0.0241469681934096,High school diploma or equivalent
43-1011,First-Line Supervisors of Office and Administrative Support Workers,detailed,62660.0,77590.0,0.0216015334247825,High school diploma or equivalent
43-2011,"Switchboard Operators, Including Answering Service",detailed,41600.0,48840.0,0.0161743595854393,High school diploma or equivalent
43-2021,Telephone Operators,detailed,45950.0,57170.0,0.0220879487909801,High school diploma or equivalent
43-2099,"Communications Equipment Operators, All Other",detailed,52730.0,79450.0,0.0418462023698658,High school diploma or equivalent
43-3011,Bill and Account Collectors,detailed,47130.0,57930.0,0.0208468872465024,High school diploma or equivalent
43-3021,Billing and Posting Clerks,detailed,48300.0,56260.0,0.0153721791412202,High school diploma or equivalent
43-3031,"Bookkeeping, Accounting, and Auditing Clerks",detailed,48600.0,59230.0,0.0199773936254217,"Some college, no degree"
43-3041,Gambling Cage Workers,detailed,36410.0,37650.0,0.0033545632014937,High school diploma or equivalent
43-3051,Payroll and Timekeeping Clerks,detailed,56230.0,65340.0,0.0151286958397638,High school diploma or equivalent
43-3061,Procurement Clerks,detailed,46890.0,56160.0,0.0182037369795593,High school diploma or equivalent
43-3071,Tellers,detailed,44690.0,46900.0,0.0048384589725753,High school diploma or equivalent
43-3099,"Financial Clerks, All Other",detailed,48850.0,58100.0,0.0174923588095263,High school diploma or equivalent
43-4011,Brokerage Clerks,detailed,62640.0,77960.0,0.022120286783648,High school diploma or equivalent
43-4021,Correspondence Clerks,detailed,44410.0,53640.0,0.0190624509927204,High school diploma or equivalent
43-4031,"Court, Municipal, and License Clerks",detailed,58170.0,63320.0,0.0085192315692739,High school diploma or equivalent
43-4041,"Credit Authorizers, Checkers, and Clerks",detailed,48120.0,51950.0,0.0076877830615287,High school diploma or equivalent
43-4051,Customer Service Representatives,detailed,44200.0,49560.0,0.0115116820246581,High school diploma or equivalent
43-4061,"Eligibility Interviewers, Government Programs",detailed,55600.0,63520.0,0.0134062299043258,High school diploma or equivalent
43-4071,File Clerks,detailed,39780.0,49040.0,0.0211477112369669,High school diploma or equivalent
43-4081,"Hotel, Motel, and Resort Desk Clerks",detailed,36790.0,39360.0,0.0067752491609398,High school diploma or equivalent
43-4111,"Interviewers, Except Eligibility and Loan",detailed,47790.0,56880.0,0.0175652227779403,High school diploma or equivalent
43-4121,"Library Assistants, Clerical",detailed,39170.0,47860.0,0.0202389794990651,High school diploma or equivalent
43-4131,Loan Interviewers and Clerks,detailed,47240.0,57300.0,0.0194935284453527,High school diploma or equivalent
43-4141,New Accounts Clerks,detailed,49150.0,52100.0,0.0058458307847029,High school diploma or equivalent
43-4151,Order Clerks,detailed,40710.0,47290.0,0.0150953098487247,"Some college, no degree"
43-4161,"Human Resources Assistants, Except Payroll and Timekeeping",detailed,48470.0,57590.0,0.0173898624323258,Associate's degree
43-4171,Receptionists and Information Clerks,detailed,39050.0,44100.0,0.0122359446890691,High school diploma or equivalent
43-4181,Reservation and Transportation Ticket Agents and Travel Clerks,detailed,45200.0,49420.0,0.0089657652115591,High school diploma or equivalent
43-4199,"Information and Record Clerks, All Other",detailed,49260.0,58680.0,0.0176526544839421,High school diploma or equivalent
43-5011,Cargo and Freight Agents,detailed,47270.0,57690.0,0.0201205436335534,High school diploma or equivalent
43-5021,Couriers and Messengers,detailed,39420.0,44970.0,0.0132593658975881,High school diploma or equivalent
43-5031,Public Safety Telecommunicators,detailed,64250.0,80120.0,0.0223198204641827,High school diploma or equivalent
43-5032,"Dispatchers, Except Police, Fire, and Ambulance",detailed,46120.0,52350.0,0.0127511353854512,High school diploma or equivalent
43-5041,"Meter Readers, Utilities",detailed,62540.0,79040.0,0.0236910479847238,High school diploma or equivalent
43-5051,Postal Service Clerks,detailed,57430.0,63650.0,0.0103363053394558,No formal educational credential
43-5052,Postal Service Mail Carriers,detailed,51130.0,62090.0,0.0196111749880352,No formal educational credential
43-5053,"Postal Service Mail Sorters, Processors, and Processing Machine Operators",detailed,50770.0,59490.0,0.0159765419156572,No formal educational credential
43-5061,"Production, Planning, and Expediting Clerks",detailed,49700.0,63000.0,0.0239963675830994,High school diploma or equivalent
43-5071,"Shipping, Receiving, and Inventory Clerks",detailed,39970.0,46520.0,0.0152910452637384,High school diploma or equivalent
43-5111,"Weighers, Measurers, Checkers, and Samplers, Recordkeeping",detailed,40430.0,45730.0,0.0123944274750729,High school diploma or equivalent
43-6011,Executive Secretaries and Executive Administrative Assistants,detailed,72110.0,89000.0,0.0212673580154112,High school diploma or equivalent
43-6012,Legal Secretaries and Administrative Assistants,detailed,50040.0,62860.0,0.0230708427553734,High school diploma or equivalent
43-6013,Medical Secretaries and Administrative Assistants,detailed,46590.0,54490.0,0.0157864370188576,High school diploma or equivalent
43-6014,"Secretaries and Administrative Assistants, Except Legal, Medical, and Executive",detailed,46390.0,55400.0,0.0179080272142608,High school diploma or equivalent
43-9021,Data Entry Keyers,detailed,41850.0,47010.0,0.0116947094099713,High school diploma or equivalent
43-9022,Word Processors and Typists,detailed,48710.0,56380.0,0.0147304531096332,High school diploma or equivalent
43-9031,Desktop Publishers,detailed,51620.0,71930.0,0.0337349648390596,Associate's degree
43-9041,Insurance Claims and Policy Processing Clerks,detailed,47560.0,56800.0,0.0179129721130189,High school diploma or equivalent
43-9051,"Mail Clerks and Mail Machine Operators, Except Postal Service",detailed,38680.0,44410.0,0.0139100568180181,High school diploma or equivalent
43-9061,"Office Clerks, General",detailed,40430.0,48460.0,0.0182817654428502,High school diploma or equivalent
43-9071,"Office Machine Operators, Except Computer",detailed,41190.0,47150.0,0.0136055748542081,High school diploma or equivalent
43-9081,Proofreaders and Copy Markers,detailed,45400.0,57490.0,0.0238908114194433,Bachelor's degree
43-9111,Statistical Assistants,detailed,64290.0,82580.0,0.0253523834399118,Bachelor's degree
43-9199,"Office and Administrative Support Workers, All Other",detailed,43880.0,54020.0,0.0210071798128377,High school diploma or equivalent
45-1011,"First-Line Supervisors of Farming, Fishing, and Forestry Workers",detailed,45440.0,56280.0,0.0216251521497772,High school diploma or equivalent
45-2011,Agricultural Inspectors,detailed,41980.0,53620.0,0.0247748007249488,Bachelor's degree
45-2021,Animal Breeders,detailed,55120.0,59280.0,0.0073024693604419,High school diploma or equivalent
45-2041,"Graders and Sorters, Agricultural Products",detailed,34870.0,36330.0,0.0041101220329899,No formal educational credential
45-2091,Agricultural Equipment Operators,detailed,36960.0,38820.0,0.0049220065701398,No formal educational credential
45-2092,"Farmworkers and Laborers, Crop, Nursery, and Greenhouse",detailed,34490.0,35580.0,0.0031162710374812,No formal educational credential
45-2093,"Farmworkers, Farm, Ranch, and Aquacultural Animals",detailed,35760.0,38640.0,0.0077758822635143,No formal educational credential
45-2099,"Agricultural Workers, All Other",detailed,38270.0,53090.0,0.0332738211363585,No formal educational credential
45-4011,Forest and Conservation Workers,detailed,43680.0,43680.0,0.0,High school diploma or equivalent
45-4021,Fallers,detailed,57110.0,59590.0,0.0042599019045646,High school diploma or equivalent
45-4022,Logging Equipment Operators,detailed,60890.0,61940.0,0.001711184099908,High school diploma or equivalent
45-4023,Log Graders and Scalers,detailed,49030.0,56670.0,0.0145866228929729,High school diploma or equivalent
45-4029,"Logging Workers, All Other",detailed,40100.0,47490.0,0.0170581392380919,High school diploma or equivalent
47-1011,First-Line Supervisors of Construction Trades and Extraction Workers,detailed,76740.0,97680.0,0.0244207946655727,High school diploma or equivalent
47-2011,Boilermakers,detailed,107010.0,118150.0,0.0099524712316387,High school diploma or equivalent
47-2021,Brickmasons and Blockmasons,detailed,58730.0,69050.0,0.0163197569324282,High school diploma or equivalent
47-2022,Stonemasons,detailed,49740.0,60930.0,0.0204988971674233,High school diploma or equivalent
47-2031,Carpenters,detailed,59740.0,75920.0,0.024257371253185,High school diploma or equivalent
47-2041,Carpet Installers,detailed,41740.0,54440.0,0.0269198937013286,No formal educational credential
47-2042,"Floor Layers, Except Carpet, Wood, and Hard Tiles",detailed,48080.0,61210.0,0.0244382652511654,No formal educational credential
47-2044,Tile and Stone Setters,detailed,47550.0,58880.0,0.0216019847732831,No formal educational credential
47-2051,Cement Masons and Concrete Finishers,detailed,51450.0,62700.0,0.0199719210509869,No formal educational credential
47-2053,Terrazzo Workers and Finishers,detailed,40570.0,41430.0,0.0020998394685525,High school diploma or equivalent
47-2061,Construction Laborers,detailed,48140.0,60270.0,0.022726503290914,No formal educational credential
47-2071,"Paving, Surfacing, and Tamping Equipment Operators",detailed,64270.0,83130.0,0.0260651757111809,High school diploma or equivalent
47-2072,Pile Driver Operators,detailed,94890.0,110340.0,0.0151991683158325,High school diploma or equivalent
47-2073,Operating Engineers and Other Construction Equipment Operators,detailed,65230.0,87160.0,0.0294066851412271,High school diploma or equivalent
47-2081,Drywall and Ceiling Tile Installers,detailed,55810.0,65880.0,0.0167265318971721,No formal educational credential
47-2082,Tapers,detailed,59760.0,73460.0,0.0208549372065989,No formal educational credential
47-2111,Electricians,detailed,59280.0,76160.0,0.0253729919165393,High school diploma or equivalent
47-2121,Glaziers,detailed,57590.0,64040.0,0.010672443198008,High school diploma or equivalent
47-2131,"Insulation Workers, Floor, Ceiling, and Wall",detailed,45300.0,48840.0,0.0075526400630518,No formal educational credential
47-2132,"Insulation Workers, Mechanical",detailed,63570.0,119690.0,0.0653211900490278,High school diploma or equivalent
47-2141,"Painters, Construction and Maintenance",detailed,47520.0,59020.0,0.0219091254135974,No formal educational credential
47-2142,Paperhangers,detailed,60440.0,62790.0,0.0038217531171786,No formal educational credential
47-2151,Pipelayers,detailed,61870.0,76180.0,0.0210243163931183,No formal educational credential
47-2152,"Plumbers, Pipefitters, and Steamfitters",detailed,58980.0,72830.0,0.0213169842400697,High school diploma or equivalent
47-2161,Plasterers and Stucco Masons,detailed,49730.0,59940.0,0.0188490103419376,No formal educational credential
47-2171,Reinforcing Iron and Rebar Workers,detailed,48900.0,63110.0,0.0258383532642847,High school diploma or equivalent
47-2181,Roofers,detailed,59420.0,63600.0,0.0068214206551218,No formal educational credential
47-2211,Sheet Metal Workers,detailed,59220.0,76590.0,0.026054351713183,High school diploma or equivalent
47-2221,Structural Iron and Steel Workers,detailed,59220.0,76370.0,0.0257592423389394,High school diploma or equivalent
47-2231,Solar Photovoltaic Installers,detailed,50140.0,60600.0,0.0191282245508177,High school diploma or equivalent
47-3011,"Helpers--Brickmasons, Blockmasons, Stonemasons, and Tile and Marble Setters",detailed,46430.0,49590.0,0.0066060642666785,No formal educational credential
47-3012,Helpers--Carpenters,detailed,43150.0,49890.0,0.0146196532803875,No formal educational credential
47-3013,Helpers--Electricians,detailed,43900.0,52080.0,0.0172334798743702,High school diploma or equivalent
47-3014,"Helpers--Painters, Paperhangers, Plasterers, and Stucco Masons",detailed,38500.0,46220.0,0.0184434541141684,No formal educational credential
47-3015,"Helpers--Pipelayers, Plumbers, Pipefitters, and Steamfitters",detailed,41070.0,47130.0,0.0138583298910925,High school diploma or equivalent
47-3016,Helpers--Roofers,detailed,46430.0,55470.0,0.0179488315925526,No formal educational credential
47-3019,"Helpers, Construction Trades, All Other",detailed,43860.0,48430.0,0.0099609546490071,No formal educational credential
47-4011,Construction and Building Inspectors,detailed,76160.0,101290.0,0.0289255782800466,High school diploma or equivalent
47-4021,Elevator and Escalator Installers and Repairers,detailed,120900.0,141180.0,0.0156280518548199,High school diploma or equivalent
47-4031,Fence Erectors,detailed,46740.0,56060.0,0.0183485246450845,No formal educational credential
47-4041,Hazardous Materials Removal Workers,detailed,47180.0,56120.0,0.0175036424437198,High school diploma or equivalent
47-4051,Highway Maintenance Workers,detailed,49550.0,59580.0,0.0186047193706748,High school diploma or equivalent
47-4061,Rail-Track Laying and Maintenance Equipment Operators,detailed,57820.0,71170.0,0.0209909389610616,High school diploma or equivalent
47-4071,Septic Tank Servicers and Sewer Pipe Cleaners,detailed,46780.0,55220.0,0.0167252716488317,High school diploma or equivalent
47-4090,Miscellaneous Construction and Related Workers,detailed,50080.0,60890.0,0.0197369716219393,High school diploma or equivalent
47-5011,"Derrick Operators, Oil and Gas",detailed,52770.0,55480.0,0.0050205356681305,No formal educational credential
47-5012,"Rotary Drill Operators, Oil and Gas",detailed,59380.0,65520.0,0.0098883669991547,No formal educational credential
47-5013,"Service Unit Operators, Oil and Gas",detailed,49780.0,62580.0,0.0231470741465618,No formal educational credential
47-5022,"Excavating and Loading Machine and Dragline Operators, Surface Mining",detailed,61240.0,74500.0,0.0197931936946476,High school diploma or equivalent
47-5023,"Earth Drillers, Except Oil and Gas",detailed,58870.0,66910.0,0.0128839732783512,High school diploma or equivalent
47-5032,"Explosives Workers, Ordnance Handling Experts, and Blasters",detailed,34320.0,80370.0,0.0888164381790506,High school diploma or equivalent
47-5041,Continuous Mining Machine Operators,detailed,62240.0,62790.0,0.0008801816583159,No formal educational credential
47-5051,"Rock Splitters, Quarry",detailed,52660.0,61620.0,0.0158371327652049,No formal educational credential
47-5071,"Roustabouts, Oil and Gas",detailed,43340.0,48880.0,0.012101874069649,No formal educational credential
47-5081,Helpers--Extraction Workers,detailed,46370.0,51720.0,0.010979017430065,High school diploma or equivalent
47-5099,"Extraction Workers, All Other",detailed,48470.0,50590.0,0.0042900639342897,High school diploma or equivalent
49-1011,"First-Line Supervisors of Mechanics, Installers, and Repairers",detailed,72910.0,93660.0,0.0253607890704741,High school diploma or equivalent
49-2011,"Computer, Automated Teller, and Office Machine Repairers",detailed,44260.0,58280.0,0.0278998752475578,"Some college, no degree"
49-2021,"Radio, Cellular, and Tower Equipment Installers and Repairers",detailed,57290.0,62840.0,0.0092894541155887,Associate's degree
49-2022,"Telecommunications Equipment Installers and Repairers, Except Line Installers",detailed,65480.0,76630.0,0.0158486680045939,Postsecondary nondegree award
49-2091,Avionics Technicians,detailed,77660.0,92480.0,0.0176186166110905,Postsecondary nondegree award
49-2092,"Electric Motor, Power Tool, and Related Repairers",detailed,53470.0,66040.0,0.0213384643194918,High school diploma or equivalent
49-2093,"Electrical and Electronics Installers and Repairers, Transportation Equipment",detailed,60460.0,84820.0,0.0344345381519901,Postsecondary nondegree award
49-2094,"Electrical and Electronics Repairers, Commercial and Industrial Equipment",detailed,74270.0,87080.0,0.0160392837006533,Postsecondary nondegree award
49-2095,"Electrical and Electronics Repairers, Powerhouse, Substation, and Relay",detailed,103220.0,121520.0,0.0164555478721784,Postsecondary nondegree award
49-2096,"Electronic Equipment Installers and Repairers, Motor Vehicles",detailed,42630.0,48500.0,0.0129841278832834,High school diploma or equivalent
49-2097,Audiovisual Equipment Installers and Repairers,detailed,46970.0,62390.0,0.028796415777291,Postsecondary nondegree award
49-2098,Security and Fire Alarm Systems Installers,detailed,57180.0,71570.0,0.0227010141668935,High school diploma or equivalent
49-3011,Aircraft Mechanics and Service Technicians,detailed,68390.0,86100.0,0.0232954775579465,Postsecondary nondegree award
49-3021,Automotive Body and Related Repairers,detailed,52040.0,66860.0,0.0253754341377021,High school diploma or equivalent
49-3022,Automotive Glass Installers and Repairers,detailed,41470.0,47710.0,0.0141157743378079,High school diploma or equivalent
49-3023,Automotive Service Technicians and Mechanics,detailed,46580.0,64980.0,0.0338511669214558,Postsecondary nondegree award
49-3031,Bus and Truck Mechanics and Diesel Engine Specialists,detailed,60110.0,73950.0,0.0209374738612657,High school diploma or equivalent
49-3041,Farm Equipment Mechanics and Service Technicians,detailed,45650.0,53790.0,0.0165437539866237,High school diploma or equivalent
49-3042,"Mobile Heavy Equipment Mechanics, Except Engines",detailed,63830.0,78550.0,0.0209680098765856,High school diploma or equivalent
49-3043,Rail Car Repairers,detailed,64190.0,68370.0,0.0063286112295113,High school diploma or equivalent
49-3051,Motorboat Mechanics and Service Technicians,detailed,56730.0,62330.0,0.0094584187210486,High school diploma or equivalent
49-3052,Motorcycle Mechanics,detailed,44830.0,57040.0,0.0243799695398656,Postsecondary nondegree award
49-3053,Outdoor Power Equipment and Other Small Engine Mechanics,detailed,43580.0,50790.0,0.0154279157590164,High school diploma or equivalent
49-3091,Bicycle Repairers,detailed,41630.0,45120.0,0.0080829466412912,High school diploma or equivalent
49-3092,Recreational Vehicle Service Technicians,detailed,49990.0,68240.0,0.03161010637757,High school diploma or equivalent
49-3093,Tire Repairers and Changers,detailed,37500.0,39680.0,0.0056666298946832,High school diploma or equivalent
49-9011,Mechanical Door Repairers,detailed,48290.0,59560.0,0.0211975127763193,High school diploma or equivalent
49-9012,"Control and Valve Installers and Repairers, Except Mechanical Door",detailed,78860.0,100260.0,0.0242998114040942,High school diploma or equivalent
49-9021,"Heating, Air Conditioning, and Refrigeration Mechanics and Installers",detailed,58280.0,72560.0,0.0221573905791665,Postsecondary nondegree award
49-9031,Home Appliance Repairers,detailed,44040.0,58480.0,0.0287645850517501,High school diploma or equivalent
49-9041,Industrial Machinery Mechanics,detailed,59360.0,74400.0,0.0228404728567237,High school diploma or equivalent
49-9043,"Maintenance Workers, Machinery",detailed,53160.0,67840.0,0.02468431087726,High school diploma or equivalent
49-9044,Millwrights,detailed,61310.0,77950.0,0.0243030840823854,High school diploma or equivalent
49-9045,"Refractory Materials Repairers, Except Brickmasons",detailed,77220.0,77220.0,0.0,High school diploma or equivalent
49-9051,Electrical Power-Line Installers and Repairers,detailed,98680.0,129040.0,0.0271870165432008,High school diploma or equivalent
49-9052,Telecommunications Line Installers and Repairers,detailed,81130.0,97980.0,0.0190502407303057,High school diploma or equivalent
49-9061,Camera and Photographic Equipment Repairers,detailed,41630.0,59770.0,0.0368303097846154,High school diploma or equivalent
49-9062,Medical Equipment Repairers,detailed,55690.0,72450.0,0.0266587601308934,Associate's degree
49-9063,Musical Instrument Repairers and Tuners,detailed,44360.0,47580.0,0.0070320437561806,High school diploma or equivalent
49-9064,Watch and Clock Repairers,detailed,105130.0,110050.0,0.0045841882274222,High school diploma or equivalent
49-9069,"Precision Instrument and Equipment Repairers, All Other",detailed,59690.0,80060.0,0.0297964744944705,High school diploma or equivalent
49-9071,"Maintenance and Repair Workers, General",detailed,46330.0,57000.0,0.0209424352517231,High school diploma or equivalent
49-9081,Wind Turbine Service Technicians,detailed,64980.0,77910.0,0.0183131445198634,Postsecondary nondegree award
49-9091,"Coin, Vending, and Amusement Machine Servicers and Repairers",detailed,45870.0,51870.0,0.0123687965782186,High school diploma or equivalent
49-9092,Commercial Divers,detailed,39980.0,101540.0,0.0976893154063551,Postsecondary nondegree award
49-9094,Locksmiths and Safe Repairers,detailed,49910.0,61010.0,0.0202846328357515,High school diploma or equivalent
49-9095,Manufactured Building and Mobile Home Installers,detailed,49800.0,59450.0,0.0178698527264846,High school diploma or equivalent
49-9096,Riggers,detailed,67180.0,85730.0,0.0246824132526073,High school diploma or equivalent
49-9097,Signal and Track Switch Repairers,detailed,84640.0,84670.0,3.543858235133257e-05,High school diploma or equivalent
49-9098,"Helpers--Installation, Maintenance, and Repair Workers",detailed,38290.0,44670.0,0.0155307040550578,High school diploma or equivalent
49-9099,"Installation, Maintenance, and Repair Workers, All Other",detailed,44520.0,51230.0,0.0141376821396579,High school diploma or equivalent
51-1011,First-Line Supervisors of Production and Operating Workers,detailed,59400.0,76840.0,0.0260773267929246,High school diploma or equivalent
51-2011,"Aircraft Structure, Surfaces, Rigging, and Systems Assemblers",detailed,60130.0,63640.0,0.005689455666419,High school diploma or equivalent
51-2021,"Coil Winders, Tapers, and Finishers",detailed,36330.0,42330.0,0.0154026373006419,High school diploma or equivalent
51-2028,"Electrical, Electronic, and Electromechanical Assemblers, Except Coil Winders, Tapers, and Finishers",detailed,40920.0,48080.0,0.0162554400358398,High school diploma or equivalent
51-2031,Engine and Other Machine Assemblers,detailed,39550.0,46810.0,0.0169959310352865,High school diploma or equivalent
51-2041,Structural Metal Fabricators and Fitters,detailed,46730.0,57590.0,0.0211161140054325,High school diploma or equivalent
51-2051,Fiberglass Laminators and Fabricators,detailed,41860.0,47750.0,0.0132518729584947,High school diploma or equivalent
51-2090,Miscellaneous Assemblers and Fabricators,detailed,40160.0,47720.0,0.0173975163038671,High school diploma or equivalent
51-3011,Bakers,detailed,38040.0,43120.0,0.012613759645236,No formal educational credential
51-3021,Butchers and Meat Cutters,detailed,37160.0,44290.0,0.0177075525661651,No formal educational credential
51-3022,"Meat, Poultry, and Fish Cutters and Trimmers",detailed,35710.0,36570.0,0.0023825809010167,No formal educational credential
51-3023,Slaughterers and Meat Packers,detailed,36290.0,39420.0,0.0083074247784167,No formal educational credential
51-3091,"Food and Tobacco Roasting, Baking, and Drying Machine Operators and Tenders",detailed,38370.0,45600.0,0.0174130511073902,No formal educational credential
51-3092,Food Batchmakers,detailed,37330.0,41670.0,0.011059120168305,High school diploma or equivalent
51-3093,Food Cooking Machine Operators and Tenders,detailed,37790.0,44740.0,0.0170256559829053,High school diploma or equivalent
51-3099,"Food Processing Workers, All Other",detailed,36390.0,38230.0,0.0049448391717181,No formal educational credential
51-4021,"Extruding and Drawing Machine Setters, Operators, and Tenders, Metal and Plastic",detailed,39920.0,45880.0,0.01401245089402,High school diploma or equivalent
51-4022,"Forging Machine Setters, Operators, and Tenders, Metal and Plastic",detailed,45850.0,59250.0,0.0259705659008628,High school diploma or equivalent
51-4023,"Rolling Machine Setters, Operators, and Tenders, Metal and Plastic",detailed,40080.0,48040.0,0.018280737864637,High school diploma or equivalent
51-4031,"Cutting, Punching, and Press Machine Setters, Operators, and Tenders, Metal and Plastic",detailed,43710.0,48450.0,0.0103487244023943,High school diploma or equivalent
51-4032,"Drilling and Boring Machine Tool Setters, Operators, and Tenders, Metal and Plastic",detailed,45330.0,49080.0,0.0079799267264089,High school diploma or equivalent
51-4033,"Grinding, Lapping, Polishing, and Buffing Machine Tool Setters, Operators, and Tenders, Metal and Plastic",detailed,39440.0,45890.0,0.0152619620332457,High school diploma or equivalent
51-4034,"Lathe and Turning Machine Tool Setters, Operators, and Tenders, Metal and Plastic",detailed,48130.0,60180.0,0.0225949229313531,High school diploma or equivalent
51-4035,"Milling and Planing Machine Setters, Operators, and Tenders, Metal and Plastic",detailed,47600.0,59050.0,0.0217891692083689,High school diploma or equivalent
51-4041,Machinists,detailed,46360.0,57190.0,0.0212161325960831,High school diploma or equivalent
51-4051,Metal-Refining Furnace Operators and Tenders,detailed,48750.0,58310.0,0.0180681295380815,High school diploma or equivalent
51-4052,"Pourers and Casters, Metal",detailed,39230.0,44150.0,0.0118851908802983,High school diploma or equivalent
51-4061,"Model Makers, Metal and Plastic",detailed,73530.0,92960.0,0.0237246364005836,High school diploma or equivalent
51-4071,Foundry Mold and Coremakers,detailed,41100.0,46930.0,0.0133532699309149,High school diploma or equivalent
51-4072,"Molding, Coremaking, and Casting Machine Setters, Operators, and Tenders, Metal and Plastic",detailed,41190.0,47240.0,0.0137988860696189,High school diploma or equivalent
51-4081,"Multiple Machine Tool Setters, Operators, and Tenders, Metal and Plastic",detailed,40970.0,46810.0,0.0134148588996099,High school diploma or equivalent
51-4111,Tool and Die Makers,detailed,54640.0,77030.0,0.0349393998258196,Postsecondary nondegree award
51-4121,"Welders, Cutters, Solderers, and Brazers",detailed,48480.0,58060.0,0.0181961300301918,High school diploma or equivalent
51-4122,"Welding, Soldering, and Brazing Machine Setters, Operators, and Tenders",detailed,44770.0,48940.0,0.0089454521140543,High school diploma or equivalent
51-4191,"Heat Treating Equipment Setters, Operators, and Tenders, Metal and Plastic",detailed,47280.0,50150.0,0.0059105126885283,High school diploma or equivalent
51-4192,"Layout Workers, Metal and Plastic",detailed,62280.0,74490.0,0.0180636636324116,High school diploma or equivalent
51-4193,"Plating Machine Setters, Operators, and Tenders, Metal and Plastic",detailed,39390.0,46760.0,0.0172995494832399,High school diploma or equivalent
51-4194,"Tool Grinders, Filers, and Sharpeners",detailed,43710.0,51300.0,0.0161402534163712,High school diploma or equivalent
51-4199,"Metal Workers and Plastic Workers, All Other",detailed,43150.0,47380.0,0.0093956426275436,High school diploma or equivalent
51-5111,Prepress Technicians and Workers,detailed,46650.0,53860.0,0.0144752827444043,Postsecondary nondegree award
51-5112,Printing Press Operators,detailed,38530.0,46110.0,0.0181215061918349,High school diploma or equivalent
51-5113,Print Binding and Finishing Workers,detailed,38480.0,45390.0,0.0166524508338636,High school diploma or equivalent
51-6011,Laundry and Dry-Cleaning Workers,detailed,36420.0,37790.0,0.0036994705168493,No formal educational credential
51-6021,"Pressers, Textile, Garment, and Related Materials",detailed,37720.0,39300.0,0.0041118366091601,No formal educational credential
51-6031,Sewing Machine Operators,detailed,36380.0,37940.0,0.0042075059442703,No formal educational credential
51-6041,Shoe and Leather Workers and Repairers,detailed,37420.0,38130.0,0.0018813728676674,High school diploma or equivalent
51-6042,Shoe Machine Operators and Tenders,detailed,47110.0,47730.0,0.0013083389602179,High school diploma or equivalent
51-6051,"Sewers, Hand",detailed,34850.0,42420.0,0.0198511458373638,No formal educational credential
51-6052,"Tailors, Dressmakers, and Custom Sewers",detailed,39270.0,44360.0,0.0122623024137236,No formal educational credential
51-6061,Textile Bleaching and Dyeing Machine Operators and Tenders,detailed,36660.0,36670.0,2.7274339105654025e-05,High school diploma or equivalent
51-6062,"Textile Cutting Machine Setters, Operators, and Tenders",detailed,37160.0,38870.0,0.0045091187105716,High school diploma or equivalent
51-6063,"Textile Knitting and Weaving Machine Setters, Operators, and Tenders",detailed,37950.0,44530.0,0.0161178754285666,High school diploma or equivalent
51-6064,"Textile Winding, Twisting, and Drawing Out Machine Setters, Operators, and Tenders",detailed,38520.0,43770.0,0.0128590824182037,High school diploma or equivalent
51-6091,"Extruding and Forming Machine Setters, Operators, and Tenders, Synthetic and Glass Fibers",detailed,42770.0,45290.0,0.0057413522820377,High school diploma or equivalent
51-6092,Fabric and Apparel Patternmakers,detailed,64690.0,89010.0,0.0324289286963734,High school diploma or equivalent
51-6093,Upholsterers,detailed,42240.0,48580.0,0.0140826679437251,High school diploma or equivalent
51-6099,"Textile, Apparel, and Furnishings Workers, All Other",detailed,34400.0,36740.0,0.0066026535829299,High school diploma or equivalent
51-7011,Cabinetmakers and Bench Carpenters,detailed,45900.0,49030.0,0.0066185301661942,High school diploma or equivalent
51-7021,Furniture Finishers,detailed,43130.0,49080.0,0.0130071474004371,High school diploma or equivalent
51-7041,"Sawing Machine Setters, Operators, and Tenders, Wood",detailed,39660.0,47390.0,0.0179662977952317,High school diploma or equivalent
51-7042,"Woodworking Machine Setters, Operators, and Tenders, Except Sawing",detailed,39540.0,46370.0,0.0160616110003495,High school diploma or equivalent
51-7099,"Woodworkers, All Other",detailed,44710.0,47860.0,0.0068315183113689,High school diploma or equivalent
51-8012,Power Distributors and Dispatchers,detailed,106730.0,137570.0,0.0257079527172885,High school diploma or equivalent
51-8013,Power Plant Operators,detailed,80270.0,105210.0,0.0274255836230243,High school diploma or equivalent
51-8021,Stationary Engineers and Boiler Operators,detailed,61860.0,90650.0,0.0389527316427662,High school diploma or equivalent
51-8031,Water and Wastewater Treatment Plant and System Operators,detailed,65250.0,81770.0,0.0228250320703053,High school diploma or equivalent
51-8091,Chemical Plant and System Operators,detailed,81210.0,87550.0,0.0075454914705943,High school diploma or equivalent
51-8092,Gas Plant Operators,detailed,104100.0,130220.0,0.022639812183131,High school diploma or equivalent
51-8093,"Petroleum Pump System Operators, Refinery Operators, and Gaugers",detailed,96810.0,103250.0,0.0064610769953206,High school diploma or equivalent
51-8099,"Plant and System Operators, All Other",detailed,63650.0,78020.0,0.0205651963573625,High school diploma or equivalent
51-9011,Chemical Equipment Operators and Tenders,detailed,46990.0,58300.0,0.0218009708224624,High school diploma or equivalent
51-9012,"Separating, Filtering, Clarifying, Precipitating, and Still Machine Setters, Operators, and Tenders",detailed,44970.0,52910.0,0.0163925835081804,High school diploma or equivalent
51-9021,"Crushing, Grinding, and Polishing Machine Setters, Operators, and Tenders",detailed,40470.0,45870.0,0.0126038017312681,High school diploma or equivalent
51-9022,"Grinding and Polishing Workers, Hand",detailed,38520.0,44450.0,0.0144217416675174,No formal educational credential
51-9023,"Mixing and Blending Machine Setters, Operators, and Tenders",detailed,42940.0,50640.0,0.0166305721711825,High school diploma or equivalent
51-9031,"Cutters and Trimmers, Hand",detailed,35640.0,37840.0,0.0060077889655956,No formal educational credential
51-9032,"Cutting and Slicing Machine Setters, Operators, and Tenders",detailed,39980.0,46110.0,0.0143672830984222,High school diploma or equivalent
51-9041,"Extruding, Forming, Pressing, and Compacting Machine Setters, Operators, and Tenders",detailed,41080.0,47300.0,0.0141987491523853,High school diploma or equivalent
51-9051,"Furnace, Kiln, Oven, Drier, and Kettle Operators and Tenders",detailed,37440.0,45300.0,0.0192394766759453,High school diploma or equivalent
51-9061,"Inspectors, Testers, Sorters, Samplers, and Weighers",detailed,45630.0,54300.0,0.0175480727861774,High school diploma or equivalent
51-9071,Jewelers and Precious Stone and Metal Workers,detailed,47540.0,60790.0,0.0248900965698002,High school diploma or equivalent
51-9081,Dental Laboratory Technicians,detailed,39190.0,47410.0,0.0192235953997921,High school diploma or equivalent
51-9082,Medical Appliance Technicians,detailed,44850.0,51530.0,0.01398088852565,High school diploma or equivalent
51-9083,Ophthalmic Laboratory Technicians,detailed,40300.0,47410.0,0.0163808901645652,High school diploma or equivalent
51-9111,Packaging and Filling Machine Operators and Tenders,detailed,37690.0,44020.0,0.0156460646323106,High school diploma or equivalent
51-9123,"Painting, Coating, and Decorating Workers",detailed,41600.0,41600.0,0.0,No formal educational credential
51-9124,"Coating, Painting, and Spraying Machine Setters, Operators, and Tenders",detailed,43840.0,52950.0,0.0190594998225228,High school diploma or equivalent
51-9141,Semiconductor Processing Technicians,detailed,46020.0,48030.0,0.004284123839549,High school diploma or equivalent
51-9151,Photographic Process Workers and Processing Machine Operators,detailed,40020.0,47320.0,0.0168965295097778,High school diploma or equivalent
51-9161,Computer Numerically Controlled Tool Operators,detailed,47140.0,56510.0,0.018294909956563,High school diploma or equivalent
51-9162,Computer Numerically Controlled Tool Programmers,detailed,66440.0,82090.0,0.0213769747679364,Postsecondary nondegree award
51-9191,Adhesive Bonding Machine Operators and Tenders,detailed,35950.0,40440.0,0.0118385585333642,High school diploma or equivalent
51-9192,"Cleaning, Washing, and Metal Pickling Equipment Operators and Tenders",detailed,40000.0,45150.0,0.0121847187062982,High school diploma or equivalent
51-9193,Cooling and Freezing Equipment Operators and Tenders,detailed,36620.0,42100.0,0.0140430096969796,High school diploma or equivalent
51-9194,Etchers and Engravers,detailed,41260.0,46480.0,0.0119841012251666,High school diploma or equivalent
51-9195,"Molders, Shapers, and Casters, Except Metal and Plastic",detailed,45180.0,49190.0,0.0085398421488969,High school diploma or equivalent
51-9196,"Paper Goods Machine Setters, Operators, and Tenders",detailed,40910.0,48730.0,0.0176459140159004,High school diploma or equivalent
51-9197,Tire Builders,detailed,38600.0,44790.0,0.0149844197488877,High school diploma or equivalent
51-9198,Helpers--Production Workers,detailed,38800.0,43970.0,0.0125872950914749,High school diploma or equivalent
51-9199,"Production Workers, All Other",detailed,37030.0,41670.0,0.0118752626839189,High school diploma or equivalent
53-1041,Aircraft Cargo Handling Supervisors,detailed,52530.0,60530.0,0.0142764158658923,High school diploma or equivalent
53-1047,"First-Line Supervisors of Transportation and Material Moving Workers, Except Aircraft Cargo Handling Supervisors",detailed,52300.0,65550.0,0.0228385802107178,High school diploma or equivalent
53-2011,"Airline Pilots, Copilots, and Flight Engineers",detailed,208070.0,353900.0,0.0545498385811049,Bachelor's degree
53-2012,Commercial Pilots,detailed,85020.0,165590.0,0.0689350078762469,Postsecondary nondegree award
53-2021,Air Traffic Controllers,detailed,115810.0,160080.0,0.0329019596997561,Associate's degree
53-2022,Airfield Operations Specialists,detailed,54580.0,62600.0,0.0138041862184423,High school diploma or equivalent
53-2031,Flight Attendants,detailed,59230.0,82170.0,0.0332779350722163,High school diploma or equivalent
53-3011,"Ambulance Drivers and Attendants, Except Emergency Medical Technicians",detailed,34990.0,36150.0,0.003266788583786,High school diploma or equivalent
53-3031,Driver/Sales Workers,detailed,38180.0,45600.0,0.017918229068738,High school diploma or equivalent
53-3032,Heavy and Tractor-Trailer Truck Drivers,detailed,48740.0,60230.0,0.021392662957208,Postsecondary nondegree award
53-3033,Light Truck Drivers,detailed,42160.0,46790.0,0.0104742348045734,High school diploma or equivalent
53-3051,"Bus Drivers, School",detailed,51110.0,61040.0,0.0179134770276492,High school diploma or equivalent
53-3052,"Bus Drivers, Transit and Intercity",detailed,55540.0,67130.0,0.0191334991366722,High school diploma or equivalent
53-3053,Shuttle Drivers and Chauffeurs,detailed,37330.0,44730.0,0.0182492311252562,No formal educational credential
53-3054,Taxi Drivers,detailed,39260.0,39260.0,0.0,No formal educational credential
53-3099,"Motor Vehicle Operators, All Other",detailed,38260.0,45050.0,0.0164709772229383,No formal educational credential
53-4011,Locomotive Engineers,detailed,74370.0,77070.0,0.0035725127733552,High school diploma or equivalent
53-4013,"Rail Yard Engineers, Dinkey Operators, and Hostlers",detailed,67130.0,67160.0,4.468042400840311e-05,High school diploma or equivalent
53-4022,"Railroad Brake, Signal, and Switch Operators and Locomotive Firers",detailed,58650.0,58770.0,0.0002044154424971,High school diploma or equivalent
53-4031,Railroad Conductors and Yardmasters,detailed,69230.0,69950.0,0.0010351760674265,High school diploma or equivalent
53-4041,Subway and Streetcar Operators,detailed,66820.0,78680.0,0.0164728614111948,High school diploma or equivalent
53-4099,"Rail Transportation Workers, All Other",detailed,47520.0,60360.0,0.0242059156305816,High school diploma or equivalent
53-5011,Sailors and Marine Oilers,detailed,43540.0,55180.0,0.0239749375800073,No formal educational credential
53-5021,"Captains, Mates, and Pilots of Water Vessels",detailed,73630.0,110090.0,0.0410445313278087,Postsecondary nondegree award
53-5022,Motorboat Operators,detailed,34510.0,34570.0,0.0001737267711101,Postsecondary nondegree award
53-5031,Ship Engineers,detailed,84620.0,97660.0,0.0144353388963953,Postsecondary nondegree award
53-6011,Bridge and Lock Tenders,detailed,52800.0,72390.0,0.0320588573606319,High school diploma or equivalent
53-6021,Parking Attendants,detailed,36660.0,38060.0,0.0037547935870068,No formal educational credential
53-6031,Automotive and Watercraft Service Attendants,detailed,37640.0,41770.0,0.0104654905163654,No formal educational credential
53-6032,Aircraft Service Attendants,detailed,43320.0,46800.0,0.0077568074386809,High school diploma or equivalent
53-6041,Traffic Technicians,detailed,59120.0,79110.0,0.0295553409767401,High school diploma or equivalent
53-6051,Transportation Inspectors,detailed,55660.0,83000.0,0.0407669415464602,High school diploma or equivalent
53-6061,Passenger Attendants,detailed,37060.0,43340.0,0.0157769397124625,High school diploma or equivalent
53-6099,"Transportation Workers, All Other",detailed,46650.0,47590.0,0.0019969640661354,High school diploma or equivalent
53-7011,Conveyor Operators and Tenders,detailed,42420.0,43150.0,0.0017077033066748,No formal educational credential
53-7021,Crane and Tower Operators,detailed,66620.0,79570.0,0.0179219349494246,High school diploma or equivalent
53-7051,Industrial Truck and Tractor Operators,detailed,43210.0,47770.0,0.010083082878584,No formal educational credential
53-7061,Cleaners of Vehicles and Equipment,detailed,36190.0,37920.0,0.0046805034782824,No formal educational credential
53-7062,"Laborers and Freight, Stock, and Material Movers, Hand",detailed,37890.0,44710.0,0.0166887230524173,No formal educational credential
53-7063,Machine Feeders and Offbearers,detailed,38290.0,40380.0,0.0053287321965416,No formal educational credential
53-7064,"Packers and Packagers, Hand",detailed,35290.0,37260.0,0.0054468532065212,No formal educational credential
53-7065,Stockers and Order Fillers,detailed,37630.0,42870.0,0.0131224206808999,No formal educational credential
53-7072,"Pump Operators, Except Wellhead Pumpers",detailed,44550.0,57660.0,0.0261307279925249,High school diploma or equivalent
53-7073,Wellhead Pumpers,detailed,56500.0,64430.0,0.0132205006421086,High school diploma or equivalent
53-7081,Refuse and Recyclable Material Collectors,detailed,55420.0,64890.0,0.0159003858434265,No formal educational credential
53-7121,"Tank Car, Truck, and Ship Loaders",detailed,60330.0,68600.0,0.0129291724640647,No formal educational credential
53-7199,"Material Moving Workers, All Other",detailed,36460.0,38410.0,0.0052238040445176,No formal educational credential
