UNITID,INSTNM,CITY,STABBR,control_type,program_key,prof_tuition_in,prof_tuition_out,prof_fees_in,prof_fees_out,prof_tuition_fees_in,prof_tuition_fees_out,ipeds_year
117520,Life Chiropractic College West,Hayward,CA,Private Non-Profit,chiropractic,36720.0,36720.0,1600.0,1600.0,38320.0,38320.0,2023
117672,Southern California University of Health Sciences,Whittier,CA,Private Non-Profit,chiropractic,35985.0,35985.0,948.0,948.0,36933.0,36933.0,2023
128744,University of Bridgeport,Bridgeport,CT,Private Non-Profit,chiropractic,30150.0,30150.0,2590.0,2590.0,32740.0,32740.0,2023
135081,Keiser University-Ft Lauderdale,Fort Lauderdale,FL,Private Non-Profit,chiropractic,14820.0,14820.0,1500.0,1500.0,16320.0,16320.0,2023
140252,Life University,Marietta,GA,Private Non-Profit,chiropractic,30375.0,30375.0,1491.0,1491.0,31866.0,31866.0,2023
147590,National University of Health Sciences,Lombard,IL,Private Non-Profit,chiropractic,606.0,606.0,0.0,0.0,606.0,606.0,2023
154174,Palmer College of Chiropractic,Davenport,IA,Private Non-Profit,chiropractic,39075.0,39075.0,60.0,60.0,39135.0,39135.0,2023
156365,Campbellsville University,Campbellsville,KY,Private Non-Profit,chiropractic,28800.0,28800.0,0.0,0.0,28800.0,28800.0,2023
174507,Northwestern Health Sciences University,Bloomington,MN,Private Non-Profit,chiropractic,26744.0,26744.0,1100.0,1100.0,27844.0,27844.0,2023
177038,Cleveland University-Kansas City,Overland Park,KS,Private Non-Profit,chiropractic,54425.0,54425.0,0.0,0.0,54425.0,54425.0,2023
177986,Logan University,Chesterfield,MO,Private Non-Profit,chiropractic,27040.0,27040.0,100.0,100.0,27140.0,27140.0,2023
190716,D'Youville  University,Buffalo,NY,Private Non-Profit,chiropractic,35400.0,35400.0,3780.0,3780.0,39180.0,39180.0,2023
193751,Northeast College of Health Sciences,Seneca Falls,NY,Private Non-Profit,chiropractic,28656.0,28656.0,680.0,680.0,29336.0,29336.0,2023
210438,University of Western States,Portland,OR,Private Non-Profit,chiropractic,44752.0,44752.0,1460.0,1460.0,46212.0,46212.0,2023
218751,Sherman College of Chiropractic,Spartanburg,SC,Private Non-Profit,chiropractic,37996.0,37996.0,0.0,0.0,37996.0,37996.0,2023
228866,Texas Chiropractic College Foundation Inc,Pasadena,TX,Private Non-Profit,chiropractic,13948.0,13948.0,0.0,0.0,13948.0,13948.0,2023
243568,Universidad Central Del Caribe,Bayamon,PR,Private Non-Profit,chiropractic,32000.0,38048.0,4342.0,4342.0,36342.0,42390.0,2023
243823,Parker University,Dallas,TX,Private Non-Profit,chiropractic,41772.0,41772.0,3000.0,3000.0,44772.0,44772.0,2023
100663,University of Alabama at Birmingham,Birmingham,AL,Public,dentistry,31902.0,74362.0,0.0,0.0,31902.0,74362.0,2023
110662,University of California-Los Angeles,Los Angeles,CA,Public,dentistry,44073.0,56318.0,1619.0,1619.0,45692.0,57937.0,2023
110699,University of California-San Francisco,San Francisco,CA,Public,dentistry,48249.0,60494.0,1928.0,1928.0,50177.0,62422.0,2023
112525,Western University of Health Sciences,Pomona,CA,Private Non-Profit,dentistry,84348.0,84348.0,11065.0,11065.0,95413.0,95413.0,2023
117636,Loma Linda University,Loma Linda,CA,Private Non-Profit,dentistry,91730.0,91730.0,11594.0,11594.0,103324.0,103324.0,2023
120883,University of the Pacific,Stockton,CA,Private Non-Profit,dentistry,124185.0,124185.0,19495.0,19495.0,143680.0,143680.0,2023
123961,University of Southern California,Los Angeles,CA,Private Non-Profit,dentistry,113739.0,113739.0,9943.0,9943.0,123682.0,123682.0,2023
126562,University of Colorado Denver/Anschutz Medical Campus,Denver,CO,Public,dentistry,42584.0,67887.0,223.0,223.0,42807.0,68110.0,2023
129020,University of Connecticut,Storrs,CT,Public,dentistry,41291.0,83352.0,2986.0,2986.0,44277.0,86338.0,2023
131520,Howard University,Washington,DC,Private Non-Profit,dentistry,46000.0,46000.0,734.0,734.0,46734.0,46734.0,2023
134130,University of Florida,Gainesville,FL,Public,dentistry,37564.0,62783.0,4154.0,5415.0,41718.0,68198.0,2023
136215,Nova Southeastern University,Fort Lauderdale,FL,Private Non-Profit,dentistry,77462.0,77462.0,1345.0,1345.0,78807.0,78807.0,2023
143853,Midwestern University-Downers Grove,Downers Grove,IL,Private Non-Profit,dentistry,90858.0,90858.0,16309.0,16309.0,107167.0,107167.0,2023
145600,University of Illinois Chicago,Chicago,IL,Public,dentistry,37074.0,66716.0,11726.0,11726.0,48800.0,78442.0,2023
149231,Southern Illinois University-Edwardsville,Edwardsville,IL,Public,dentistry,32134.0,32134.0,7336.0,7336.0,39470.0,39470.0,2023
151111,Indiana University-Indianapolis,Indianapolis,IN,Public,dentistry,44070.0,98172.0,0.0,0.0,44070.0,98172.0,2023
153658,University of Iowa,Iowa City,IA,Public,dentistry,51689.0,76827.0,1875.0,1875.0,53564.0,78702.0,2023
157085,University of Kentucky,Lexington,KY,Public,dentistry,36168.0,80359.0,1544.0,1544.0,37712.0,81903.0,2023
157289,University of Louisville,Louisville,KY,Public,dentistry,37858.0,78812.0,7801.0,7801.0,45659.0,86613.0,2023
159373,Louisiana State University Health Sciences Center-New Orleans,New Orleans,LA,Public,dentistry,28418.0,28418.0,6723.0,35141.0,35141.0,63559.0,2023
161457,University of New England,Biddeford,ME,Private Non-Profit,dentistry,73070.0,73070.0,12120.0,12120.0,85190.0,85190.0,2023
163259,"University of Maryland, Baltimore",Baltimore,MD,Public,dentistry,48660.0,90535.0,2022.0,2022.0,50682.0,92557.0,2023
164988,Boston University,Boston,MA,Private Non-Profit,dentistry,91500.0,91500.0,514.0,514.0,92014.0,92014.0,2023
166027,Harvard University,Cambridge,MA,Private Non-Profit,dentistry,69300.0,69300.0,2288.0,2288.0,71588.0,71588.0,2023
168148,Tufts University,Medford,MA,Private Non-Profit,dentistry,91056.0,91056.0,13545.0,13545.0,104601.0,104601.0,2023
169716,University of Detroit Mercy,Detroit,MI,Private Non-Profit,dentistry,81970.0,81970.0,11108.0,11108.0,93078.0,93078.0,2023
170976,University of Michigan-Ann Arbor,Ann Arbor,MI,Public,dentistry,56100.0,76095.0,498.0,498.0,56598.0,76593.0,2023
174066,University of Minnesota-Twin Cities,Minneapolis,MN,Public,dentistry,58083.0,107197.0,8026.0,8026.0,66109.0,115223.0,2023
176017,University of Mississippi,University,MS,Public,dentistry,34600.0,81284.0,1464.0,1464.0,36064.0,82748.0,2023
177834,A T Still University of Health Sciences,Kirksville,MO,Private Non-Profit,dentistry,88490.0,88490.0,1350.0,1350.0,89840.0,89840.0,2023
178402,University of Missouri-Kansas City,Kansas City,MO,Public,dentistry,41484.0,82102.0,1544.0,1544.0,43028.0,83646.0,2023
179812,Kansas City University,Kansas City,MO,Private Non-Profit,dentistry,97176.0,97176.0,4570.0,4570.0,101746.0,101746.0,2023
181002,Creighton University,Omaha,NE,Private Non-Profit,dentistry,73222.0,73222.0,2000.0,2000.0,75222.0,75222.0,2023
181428,University of Nebraska Medical Center,Omaha,NE,Public,dentistry,9060.0,25320.0,2875.0,2875.0,11935.0,28195.0,2023
182281,University of Nevada-Las Vegas,Las Vegas,NV,Public,dentistry,55692.0,95427.0,1797.0,1797.0,57489.0,97224.0,2023
186380,Rutgers University-New Brunswick,New Brunswick,NJ,Public,dentistry,59796.0,96884.0,15221.0,15221.0,75017.0,112105.0,2023
190150,Columbia University in the City of New York,New York,NY,Private Non-Profit,dentistry,93380.0,93380.0,9451.0,9451.0,102831.0,102831.0,2023
193900,New York University,New York,NY,Private Non-Profit,dentistry,98892.0,98892.0,0.0,0.0,98892.0,98892.0,2023
196088,University at Buffalo,Buffalo,NY,Public,dentistry,37640.0,64850.0,3058.0,3058.0,40698.0,67908.0,2023
196097,Stony Brook University,Stony Brook,NY,Public,dentistry,37640.0,64850.0,14158.0,14158.0,51798.0,79008.0,2023
196592,Touro University,New York,NY,Private Non-Profit,dentistry,77640.0,77640.0,16760.0,16760.0,94400.0,94400.0,2023
198464,East Carolina University,Greenville,NC,Public,dentistry,31444.0,31444.0,3688.0,3688.0,35132.0,35132.0,2023
199120,University of North Carolina at Chapel Hill,Chapel Hill,NC,Public,dentistry,35609.0,62690.0,5055.0,5055.0,40664.0,67745.0,2023
201645,Case Western Reserve University,Cleveland,OH,Private Non-Profit,dentistry,83666.0,83666.0,2075.0,2075.0,85741.0,85741.0,2023
204796,Ohio State University-Main Campus,Columbus,OH,Public,dentistry,43760.0,92902.0,8318.0,8318.0,52078.0,101220.0,2023
207342,University of Oklahoma-Health Sciences Center,Oklahoma City,OK,Public,dentistry,31064.0,73732.0,3004.0,3004.0,34068.0,76736.0,2023
209490,Oregon Health & Science University,Portland,OR,Public,dentistry,48944.0,78996.0,19489.0,19489.0,68433.0,98485.0,2023
215062,University of Pennsylvania,Philadelphia,PA,Private Non-Profit,dentistry,86448.0,86448.0,5626.0,5626.0,92074.0,92074.0,2023
215293,University of Pittsburgh-Pittsburgh Campus,Pittsburgh,PA,Public,dentistry,55302.0,66312.0,1230.0,1230.0,56532.0,67542.0,2023
216339,Temple University,Philadelphia,PA,Public,dentistry,67800.0,77308.0,968.0,968.0,68768.0,78276.0,2023
218335,Medical University of South Carolina,Charleston,SC,Public,dentistry,34300.0,60000.0,19787.0,19787.0,54087.0,79787.0,2023
220631,Lincoln Memorial University,Harrogate,TN,Private Non-Profit,dentistry,46334.0,46334.0,6671.0,6671.0,53005.0,53005.0,2023
220792,Meharry Medical College,Nashville,TN,Private Non-Profit,dentistry,58984.0,58984.0,13571.0,13571.0,72555.0,72555.0,2023
228644,The University of Texas Health Science Center at San Antonio,San Antonio,TX,Public,dentistry,24150.0,34950.0,6070.0,9508.0,30220.0,44458.0,2023
228723,Texas A & M University-College Station,College Station,TX,Public,dentistry,28584.0,39384.0,8687.0,8687.0,37271.0,48071.0,2023
229300,The University of Texas Health Science Center at Houston,Houston,TX,Public,dentistry,34527.0,54534.0,6481.0,6481.0,41008.0,61015.0,2023
230764,University of Utah,Salt Lake City,UT,Public,dentistry,44713.0,84650.0,9499.0,9499.0,54212.0,94149.0,2023
234030,Virginia Commonwealth University,Richmond,VA,Public,dentistry,45218.0,79674.0,19433.0,20123.0,64651.0,99797.0,2023
236948,University of Washington-Seattle Campus,Seattle,WA,Public,dentistry,48135.0,72762.0,1119.0,1119.0,49254.0,73881.0,2023
238032,West Virginia University,Morgantown,WV,Public,dentistry,27468.0,61020.0,0.0,0.0,27468.0,61020.0,2023
239105,Marquette University,Milwaukee,WI,Private Non-Profit,dentistry,58440.0,67100.0,0.0,0.0,58440.0,67100.0,2023
243203,University of Puerto Rico-Medical Sciences,San Juan,PR,Public,dentistry,17000.0,34000.0,13252.0,13252.0,30252.0,47252.0,2023
407629,Lake Erie College of Osteopathic Medicine,Erie,PA,Private Non-Profit,dentistry,58505.0,58505.0,1200.0,1200.0,59705.0,59705.0,2023
423643,Midwestern University-Glendale,Glendale,AZ,Private Non-Profit,dentistry,88612.0,88612.0,16309.0,16309.0,104921.0,104921.0,2023
445735,Roseman University of Health Sciences,Henderson,NV,Private Non-Profit,dentistry,86754.0,86754.0,16758.0,16758.0,103512.0,103512.0,2023
482149,Augusta University,Augusta,GA,Public,dentistry,26344.0,64778.0,0.0,0.0,26344.0,64778.0,2023
487010,The University of Tennessee Health Science Center,Memphis,TN,Public,dentistry,30844.0,70186.0,6167.0,6167.0,37011.0,76353.0,2023
492689,Texas Tech University Health Sciences Center-El Paso,El Paso,TX,Public,dentistry,29550.0,49550.0,9574.0,9574.0,39124.0,59124.0,2023
496627,California Northstate University,Elk Grove,CA,Private For-Profit,dentistry,88567.0,88567.0,17992.0,17992.0,106559.0,106559.0,2023
100751,The University of Alabama,Tuscaloosa,AL,Public,law,24080.0,45570.0,300.0,300.0,24380.0,45870.0,2023
101189,Faulkner University,Montgomery,AL,Private Non-Profit,law,39000.0,39000.0,325.0,325.0,39325.0,39325.0,2023
102049,Samford University,Birmingham,AL,Private Non-Profit,law,44536.0,44536.0,700.0,700.0,45236.0,45236.0,2023
104151,Arizona State University Campus Immersion,Tempe,AZ,Public,law,27826.0,49304.0,1013.0,1013.0,28839.0,50317.0,2023
104179,University of Arizona,Tucson,AZ,Public,law,24500.0,29000.0,1671.0,1671.0,26171.0,30671.0,2023
106245,University of Arkansas at Little Rock,Little Rock,AR,Public,law,10681.0,23436.0,3012.0,3012.0,13693.0,26448.0,2023
106397,University of Arkansas,Fayetteville,AR,Public,law,15500.0,37334.0,2398.0,2398.0,17898.0,39732.0,2023
110398,University of California College of the Law-San Francisco,San Francisco,CA,Public,law,47031.0,53965.0,7109.0,7109.0,54140.0,61074.0,2023
110468,Alliant International University-San Diego,San Diego,CA,Private For-Profit,law,22098.0,22098.0,440.0,440.0,22538.0,22538.0,2023
110635,University of California-Berkeley,Berkeley,CA,Public,law,59304.0,71731.0,2997.0,2997.0,62301.0,74728.0,2023
110644,University of California-Davis,Davis,CA,Public,law,52654.0,64899.0,2296.0,2296.0,54950.0,67195.0,2023
110653,University of California-Irvine,Irvine,CA,Public,law,53934.0,66179.0,2011.0,2011.0,55945.0,68190.0,2023
110662,University of California-Los Angeles,Los Angeles,CA,Public,law,53936.0,66181.0,1619.0,1619.0,55555.0,67800.0,2023
111391,California Western School of Law,San Diego,CA,Private Non-Profit,law,60280.0,60280.0,150.0,150.0,60430.0,60430.0,2023
111948,Chapman University,Orange,CA,Private Non-Profit,law,61286.0,61286.0,180.0,180.0,61466.0,61466.0,2023
114123,Empire College,Santa Rosa,CA,Private For-Profit,law,17501.0,17501.0,365.0,365.0,17866.0,17866.0,2023
115083,Golden Gate University,San Francisco,CA,Private Non-Profit,law,1750.0,1750.0,300.0,300.0,2050.0,2050.0,2023
115773,Humphreys University-Stockton and Modesto Campuses,Stockton,CA,Private Non-Profit,law,595.0,595.0,0.0,0.0,595.0,595.0,2023
117140,University of La Verne,La Verne,CA,Private Non-Profit,law,30280.0,30280.0,0.0,0.0,30280.0,30280.0,2023
117946,Loyola Marymount University,Los Angeles,CA,Private Non-Profit,law,64890.0,64890.0,1022.0,1022.0,65912.0,65912.0,2023
120883,University of the Pacific,Stockton,CA,Private Non-Profit,law,59080.0,59080.0,500.0,500.0,59580.0,59580.0,2023
121150,Pepperdine University,Malibu,CA,Private Non-Profit,law,67450.0,67450.0,596.0,596.0,68046.0,68046.0,2023
122436,University of San Diego,San Diego,CA,Private Non-Profit,law,62500.0,62500.0,481.0,481.0,62981.0,62981.0,2023
122612,University of San Francisco,San Francisco,CA,Private Non-Profit,law,54100.0,54100.0,150.0,150.0,54250.0,54250.0,2023
122649,San Joaquin College of Law,Clovis,CA,Private Non-Profit,law,21890.0,21890.0,895.0,895.0,22785.0,22785.0,2023
122931,Santa Clara University,Santa Clara,CA,Private Non-Profit,law,58464.0,58464.0,0.0,0.0,58464.0,58464.0,2023
123448,Trinity Law School,Santa Ana,CA,Private Non-Profit,law,32250.0,32250.0,500.0,500.0,32750.0,32750.0,2023
123961,University of Southern California,Los Angeles,CA,Private Non-Profit,law,76438.0,76438.0,1608.0,1608.0,78046.0,78046.0,2023
123970,Southwestern Law School,Los Angeles,CA,Private Non-Profit,law,58392.0,58392.0,145.0,145.0,58537.0,58537.0,2023
125037,The Colleges of Law at Ventura,Ventura,CA,Private Non-Profit,law,19152.0,19152.0,0.0,0.0,19152.0,19152.0,2023
126049,Thomas Jefferson School of Law,San Diego,CA,Private Non-Profit,law,32000.0,32000.0,2400.0,2400.0,34400.0,34400.0,2023
126614,University of Colorado Boulder,Boulder,CO,Public,law,32778.0,40248.0,1969.0,1969.0,34747.0,42217.0,2023
127060,University of Denver,Denver,CO,Private Non-Profit,law,58032.0,58032.0,315.0,315.0,58347.0,58347.0,2023
129020,University of Connecticut,Storrs,CT,Public,law,30354.0,61396.0,1154.0,1154.0,31508.0,62550.0,2023
130226,Quinnipiac University,Hamden,CT,Private Non-Profit,law,53880.0,53880.0,1000.0,1000.0,54880.0,54880.0,2023
130794,Yale University,New Haven,CT,Private Non-Profit,law,71540.0,71540.0,2325.0,2325.0,73865.0,73865.0,2023
131113,Wilmington University,New Castle,DE,Private Non-Profit,law,24022.0,24022.0,30.0,30.0,24052.0,24052.0,2023
131159,American University,Washington,DC,Private Non-Profit,law,61936.0,61936.0,1152.0,1152.0,63088.0,63088.0,2023
131283,The Catholic University of America,Washington,DC,Private Non-Profit,law,57216.0,57216.0,1220.0,1220.0,58436.0,58436.0,2023
131399,University of the District of Columbia,Washington,DC,Public,law,12438.0,24874.0,1000.0,1000.0,13438.0,25874.0,2023
131469,George Washington University,Washington,DC,Private Non-Profit,law,69740.0,69740.0,0.0,0.0,69740.0,69740.0,2023
131496,Georgetown University,Washington,DC,Private Non-Profit,law,75959.0,75959.0,0.0,0.0,75959.0,75959.0,2023
131520,Howard University,Washington,DC,Private Non-Profit,law,37496.0,37496.0,1116.0,1116.0,38612.0,38612.0,2023
132471,Barry University,Miami,FL,Private Non-Profit,law,42000.0,42000.0,1150.0,1150.0,43150.0,43150.0,2023
133650,Florida Agricultural and Mechanical University,Tallahassee,FL,Public,law,9114.0,23789.0,1966.0,2700.0,11080.0,26489.0,2023
133951,Florida International University,Miami,FL,Public,law,17805.0,30933.0,3310.0,3966.0,21115.0,34899.0,2023
134097,Florida State University,Tallahassee,FL,Public,law,18071.0,37130.0,2623.0,3575.0,20694.0,40705.0,2023
134130,University of Florida,Gainesville,FL,Public,law,19139.0,34602.0,2665.0,3438.0,21804.0,38040.0,2023
135726,University of Miami,Coral Gables,FL,Private Non-Profit,law,61100.0,61100.0,1203.0,1203.0,62303.0,62303.0,2023
136215,Nova Southeastern University,Fort Lauderdale,FL,Private Non-Profit,law,46339.0,46339.0,1390.0,1390.0,47729.0,47729.0,2023
137476,St. Thomas University,Miami Gardens,FL,Private Non-Profit,law,43470.0,43470.0,2490.0,2490.0,45960.0,45960.0,2023
137546,Stetson University,DeLand,FL,Private Non-Profit,law,51212.0,51212.0,496.0,496.0,51708.0,51708.0,2023
138929,Atlanta's John Marshall Law School,Atlanta,GA,Private For-Profit,law,51006.0,51006.0,1000.0,1000.0,52006.0,52006.0,2023
139658,Emory University,Atlanta,GA,Private Non-Profit,law,65510.0,65510.0,722.0,722.0,66232.0,66232.0,2023
139940,Georgia State University,Atlanta,GA,Public,law,11826.0,26532.0,1434.0,1434.0,13260.0,27966.0,2023
139959,University of Georgia,Athens,GA,Public,law,17604.0,36362.0,1390.0,1390.0,18994.0,37752.0,2023
140447,Mercer University,Macon,GA,Private Non-Profit,law,42832.0,42832.0,0.0,0.0,42832.0,42832.0,2023
141574,University of Hawaii at Manoa,Honolulu,HI,Public,law,29016.0,29016.0,772.0,772.0,29788.0,29788.0,2023
142285,University of Idaho,Moscow,ID,Public,law,8272.0,27508.0,17660.0,17660.0,25932.0,45168.0,2023
144050,University of Chicago,Chicago,IL,Private Non-Profit,law,76479.0,76479.0,1398.0,1398.0,77877.0,77877.0,2023
144740,DePaul University,Chicago,IL,Private Non-Profit,law,51649.0,51649.0,336.0,336.0,51985.0,51985.0,2023
145600,University of Illinois Chicago,Chicago,IL,Public,law,36000.0,45000.0,3160.0,3160.0,39160.0,48160.0,2023
145637,University of Illinois Urbana-Champaign,Champaign,IL,Public,law,36500.0,46500.0,3317.0,3317.0,39817.0,49817.0,2023
145725,Illinois Institute of Technology,Chicago,IL,Private Non-Profit,law,52950.0,52950.0,320.0,320.0,53270.0,53270.0,2023
146719,Loyola University Chicago,Chicago,IL,Private Non-Profit,law,54300.0,54300.0,958.0,958.0,55258.0,55258.0,2023
147703,Northern Illinois University,Dekalb,IL,Public,law,23152.0,23152.0,400.0,400.0,23552.0,23552.0,2023
147767,Northwestern University,Evanston,IL,Private Non-Profit,law,73754.0,73754.0,798.0,798.0,74552.0,74552.0,2023
149222,Southern Illinois University-Carbondale,Carbondale,IL,Public,law,16684.0,16684.0,4598.0,4598.0,21282.0,21282.0,2023
151111,Indiana University-Indianapolis,Indianapolis,IN,Public,law,23496.0,38544.0,1208.0,1208.0,24704.0,39752.0,2023
151351,Indiana University-Bloomington,Bloomington,IN,Public,law,36750.0,58000.0,1478.0,1478.0,38228.0,59478.0,2023
152080,University of Notre Dame,Notre Dame,IN,Private Non-Profit,law,68054.0,68054.0,500.0,500.0,68554.0,68554.0,2023
153269,Drake University,Des Moines,IA,Private Non-Profit,law,47998.0,47998.0,412.0,412.0,48410.0,48410.0,2023
153658,University of Iowa,Iowa City,IA,Public,law,29027.0,49556.0,2399.0,2399.0,31426.0,51955.0,2023
155317,University of Kansas,Lawrence,KS,Public,law,23070.0,29625.0,1104.0,1104.0,24174.0,30729.0,2023
156082,Washburn University,Topeka,KS,Public,law,24584.0,37240.0,110.0,110.0,24694.0,37350.0,2023
157085,University of Kentucky,Lexington,KY,Public,law,24688.0,49836.0,1544.0,1544.0,26232.0,51380.0,2023
157289,University of Louisville,Louisville,KY,Public,law,25400.0,30400.0,296.0,296.0,25696.0,30696.0,2023
157447,Northern Kentucky University,Highland Heights,KY,Public,law,24235.0,37781.0,384.0,384.0,24619.0,38165.0,2023
159391,Louisiana State University and Agricultural & Mechanical College,Baton Rouge,LA,Public,law,19750.0,19750.0,3945.0,19385.0,23695.0,39135.0,2023
159656,Loyola University New Orleans,New Orleans,LA,Private Non-Profit,law,48450.0,48450.0,1970.0,1970.0,50420.0,50420.0,2023
160621,Southern University and A & M College,Baton Rouge,LA,Public,law,11338.0,11338.0,6096.0,18696.0,17434.0,30034.0,2023
160755,Tulane University of Louisiana,New Orleans,LA,Private Non-Profit,law,63108.0,63108.0,4672.0,4672.0,67780.0,67780.0,2023
161554,University of Southern Maine,Portland,ME,Public,law,23190.0,36000.0,1710.0,1710.0,24900.0,37710.0,2023
161873,University of Baltimore,Baltimore,MD,Public,law,32626.0,48660.0,2354.0,2354.0,34980.0,51014.0,2023
163259,"University of Maryland, Baltimore",Baltimore,MD,Public,law,34987.0,51643.0,2012.0,2012.0,36999.0,53655.0,2023
164924,Boston College,Chestnut Hill,MA,Private Non-Profit,law,66600.0,66600.0,295.0,295.0,66895.0,66895.0,2023
164988,Boston University,Boston,MA,Private Non-Profit,law,63606.0,63606.0,914.0,914.0,64520.0,64520.0,2023
166027,Harvard University,Cambridge,MA,Private Non-Profit,law,73600.0,73600.0,1408.0,1408.0,75008.0,75008.0,2023
167215,New England Law-Boston,Boston,MA,Private Non-Profit,law,57048.0,57048.0,250.0,250.0,57298.0,57298.0,2023
167358,Northeastern University,Boston,MA,Private Non-Profit,law,60408.0,60408.0,158.0,158.0,60566.0,60566.0,2023
167987,University of Massachusetts-Dartmouth,North Dartmouth,MA,Public,law,30090.0,39372.0,950.0,950.0,31040.0,40322.0,2023
168005,Suffolk University,Boston,MA,Private Non-Profit,law,56460.0,56460.0,508.0,508.0,56968.0,56968.0,2023
168254,Western New England University,Springfield,MA,Private Non-Profit,law,47450.0,47450.0,2620.0,2620.0,50070.0,50070.0,2023
169716,University of Detroit Mercy,Detroit,MI,Private Non-Profit,law,46590.0,46590.0,649.0,649.0,47239.0,47239.0,2023
170976,University of Michigan-Ann Arbor,Ann Arbor,MI,Public,law,69162.0,72162.0,332.0,332.0,69494.0,72494.0,2023
171100,Michigan State University,East Lansing,MI,Public,law,41040.0,45600.0,340.0,340.0,41380.0,45940.0,2023
172477,Thomas M Cooley Law School,Lansing,MI,Private Non-Profit,law,45600.0,45600.0,960.0,960.0,46560.0,46560.0,2023
172644,Wayne State University,Detroit,MI,Public,law,35586.0,39039.0,2549.0,2549.0,38135.0,41588.0,2023
174066,University of Minnesota-Twin Cities,Minneapolis,MN,Public,law,46656.0,56088.0,2309.0,2309.0,48965.0,58397.0,2023
174914,University of St Thomas,Saint Paul,MN,Private Non-Profit,law,23919.0,23919.0,541.0,541.0,24460.0,24460.0,2023
175281,Mitchell Hamline School of Law,Saint Paul,MN,Private Non-Profit,law,53620.0,53620.0,500.0,500.0,54120.0,54120.0,2023
176017,University of Mississippi,University,MS,Public,law,18310.0,38720.0,160.0,160.0,18470.0,38880.0,2023
176053,Mississippi College,Clinton,MS,Private Non-Profit,law,29232.0,29232.0,1662.0,1662.0,30894.0,30894.0,2023
178396,University of Missouri-Columbia,Columbia,MO,Public,law,22818.0,28818.0,1029.0,1029.0,23847.0,29847.0,2023
178402,University of Missouri-Kansas City,Kansas City,MO,Public,law,21600.0,27600.0,1544.0,1544.0,23144.0,29144.0,2023
179159,Saint Louis University,Saint Louis,MO,Private Non-Profit,law,48040.0,48040.0,914.0,914.0,48954.0,48954.0,2023
179867,Washington University in St Louis,Saint Louis,MO,Private Non-Profit,law,67008.0,67008.0,616.0,616.0,67624.0,67624.0,2023
180489,The University of Montana,Missoula,MT,Public,law,7164.0,32492.0,2466.0,2872.0,9630.0,35364.0,2023
181002,Creighton University,Omaha,NE,Private Non-Profit,law,47904.0,47904.0,2000.0,2000.0,49904.0,49904.0,2023
181464,University of Nebraska-Lincoln,Lincoln,NE,Public,law,12600.0,33960.0,3481.0,3481.0,16081.0,37441.0,2023
182281,University of Nevada-Las Vegas,Las Vegas,NV,Public,law,28000.0,40900.0,1268.0,1268.0,29268.0,42168.0,2023
182829,University of New Hampshire-Franklin Pierce School of Law,Concord,NH,Public,law,40000.0,48000.0,320.0,320.0,40320.0,48320.0,2023
186371,Rutgers University-Camden,Camden,NJ,Public,law,28370.0,43003.0,3692.0,3692.0,32062.0,46695.0,2023
186399,Rutgers University-Newark,Newark,NJ,Public,law,28370.0,43003.0,3395.0,3395.0,31765.0,46398.0,2023
186584,Seton Hall University,South Orange,NJ,Private Non-Profit,law,65020.0,65020.0,1760.0,1760.0,66780.0,66780.0,2023
187985,University of New Mexico-Main Campus,Albuquerque,NM,Public,law,6287.0,20442.0,2012.0,2012.0,8299.0,22454.0,2023
188535,Albany Law School,Albany,NY,Private Non-Profit,law,57481.0,57481.0,190.0,190.0,57671.0,57671.0,2023
189501,Brooklyn Law School,Brooklyn,NY,Private Non-Profit,law,69800.0,69800.0,556.0,556.0,70356.0,70356.0,2023
190150,Columbia University in the City of New York,New York,NY,Private Non-Profit,law,78444.0,78444.0,2953.0,2953.0,81397.0,81397.0,2023
190415,Cornell University,Ithaca,NY,Private Non-Profit,law,77508.0,77508.0,585.0,585.0,78093.0,78093.0,2023
190682,CUNY School of Law,Long Island City,NY,Public,law,15450.0,25640.0,564.0,564.0,16014.0,26204.0,2023
191241,Fordham University,Bronx,NY,Private Non-Profit,law,71224.0,71224.0,1058.0,1058.0,72282.0,72282.0,2023
191649,Hofstra University,Hempstead,NY,Private Non-Profit,law,68144.0,68144.0,716.0,716.0,68860.0,68860.0,2023
193821,New York Law School,New York,NY,Private Non-Profit,law,62644.0,62644.0,2180.0,2180.0,64824.0,64824.0,2023
193900,New York University,New York,NY,Private Non-Profit,law,76878.0,76878.0,2898.0,2898.0,79776.0,79776.0,2023
194310,Pace University,New York,NY,Private Non-Profit,law,52778.0,52778.0,1108.0,1108.0,53886.0,53886.0,2023
195809,St. John's University-New York,Queens,NY,Private Non-Profit,law,70170.0,70170.0,1494.0,1494.0,71664.0,71664.0,2023
196088,University at Buffalo,Buffalo,NY,Public,law,26170.0,31160.0,3078.0,3078.0,29248.0,34238.0,2023
196413,Syracuse University,Syracuse,NY,Private Non-Profit,law,59880.0,59880.0,2610.0,2610.0,62490.0,62490.0,2023
196592,Touro University,New York,NY,Private Non-Profit,law,56660.0,56660.0,420.0,420.0,57080.0,57080.0,2023
197708,Yeshiva University,New York,NY,Private Non-Profit,law,69826.0,69826.0,820.0,820.0,70646.0,70646.0,2023
198136,Campbell University,Buies Creek,NC,Private Non-Profit,law,48860.0,48860.0,870.0,870.0,49730.0,49730.0,2023
198419,Duke University,Durham,NC,Private Non-Profit,law,74100.0,74100.0,1515.0,1515.0,75615.0,75615.0,2023
198516,Elon University,Elon,NC,Private Non-Profit,law,58256.0,58256.0,0.0,0.0,58256.0,58256.0,2023
199120,University of North Carolina at Chapel Hill,Chapel Hill,NC,Public,law,24641.0,44853.0,3350.0,3350.0,27991.0,48203.0,2023
199157,North Carolina Central University,Durham,NC,Public,law,13444.0,36116.0,2740.0,2740.0,16184.0,38856.0,2023
199847,Wake Forest University,Winston-Salem,NC,Private Non-Profit,law,53142.0,53142.0,1050.0,1050.0,54192.0,54192.0,2023
200280,University of North Dakota,Grand Forks,ND,Public,law,12202.0,24404.0,1714.0,1714.0,13916.0,26118.0,2023
200800,University of Akron Main Campus,Akron,OH,Public,law,22359.0,22359.0,3756.0,3856.0,26115.0,26215.0,2023
201548,Capital University,Columbus,OH,Private Non-Profit,law,1465.0,1465.0,490.0,490.0,1955.0,1955.0,2023
201645,Case Western Reserve University,Cleveland,OH,Private Non-Profit,law,60800.0,60800.0,194.0,194.0,60994.0,60994.0,2023
201885,University of Cincinnati-Main Campus,Cincinnati,OH,Public,law,22332.0,27332.0,1678.0,1678.0,24010.0,29010.0,2023
202134,Cleveland State University,Cleveland,OH,Public,law,30042.0,30142.0,188.0,188.0,30230.0,30330.0,2023
202480,University of Dayton,Dayton,OH,Private Non-Profit,law,38425.0,38425.0,260.0,260.0,38685.0,38685.0,2023
204635,Ohio Northern University,Ada,OH,Private Non-Profit,law,32500.0,32500.0,1100.0,1100.0,33600.0,33600.0,2023
204796,Ohio State University-Main Campus,Columbus,OH,Public,law,33104.0,48356.0,982.0,982.0,34086.0,49338.0,2023
206084,University of Toledo,Toledo,OH,Public,law,25172.0,25172.0,2094.0,2094.0,27266.0,27266.0,2023
207458,Oklahoma City University,Oklahoma City,OK,Private Non-Profit,law,31950.0,31950.0,5550.0,5550.0,37500.0,37500.0,2023
207500,University of Oklahoma-Norman Campus,Norman,OK,Public,law,16995.0,30480.0,4344.0,4344.0,21339.0,34824.0,2023
207971,University of Tulsa,Tulsa,OK,Private Non-Profit,law,28516.0,28516.0,1248.0,1248.0,29764.0,29764.0,2023
209056,Lewis & Clark College,Portland,OR,Private Non-Profit,law,56296.0,56296.0,50.0,50.0,56346.0,56346.0,2023
209551,University of Oregon,Eugene,OR,Public,law,43686.0,55008.0,2578.0,2578.0,46264.0,57586.0,2023
210401,Willamette University,Salem,OR,Private Non-Profit,law,50864.0,50864.0,80.0,80.0,50944.0,50944.0,2023
212054,Drexel University,Philadelphia,PA,Private Non-Profit,law,52800.0,52800.0,900.0,900.0,53700.0,53700.0,2023
212106,Duquesne University,Pittsburgh,PA,Private Non-Profit,law,54374.0,54374.0,1126.0,1126.0,55500.0,55500.0,2023
214777,Pennsylvania State University-Main Campus,University Park,PA,Public,law,55824.0,55824.0,612.0,612.0,56436.0,56436.0,2023
215062,University of Pennsylvania,Philadelphia,PA,Private Non-Profit,law,71266.0,71266.0,5668.0,5668.0,76934.0,76934.0,2023
215293,University of Pittsburgh-Pittsburgh Campus,Pittsburgh,PA,Public,law,38388.0,49404.0,1230.0,1230.0,39618.0,50634.0,2023
216339,Temple University,Philadelphia,PA,Public,law,29842.0,45738.0,1038.0,1038.0,30880.0,46776.0,2023
216597,Villanova University,Villanova,PA,Private Non-Profit,law,52863.0,52863.0,575.0,575.0,53438.0,53438.0,2023
216852,Widener University,Chester,PA,Private Non-Profit,law,53100.0,53100.0,120.0,120.0,53220.0,53220.0,2023
218663,University of South Carolina-Columbia,Columbia,SC,Public,law,20322.0,38100.0,2000.0,2000.0,22322.0,40100.0,2023
219471,University of South Dakota,Vermillion,SD,Public,law,11736.0,31276.0,3288.0,3288.0,15024.0,34564.0,2023
219709,Belmont University,Nashville,TN,Private Non-Profit,law,52370.0,52370.0,950.0,950.0,53320.0,53320.0,2023
220631,Lincoln Memorial University,Harrogate,TN,Private Non-Profit,law,42600.0,42600.0,410.0,410.0,43010.0,43010.0,2023
220862,University of Memphis,Memphis,TN,Public,law,17754.0,23056.0,1606.0,1606.0,19360.0,24662.0,2023
221759,The University of Tennessee-Knoxville,Knoxville,TN,Public,law,16696.0,35140.0,3712.0,4012.0,20408.0,39152.0,2023
221999,Vanderbilt University,Nashville,TN,Private Non-Profit,law,69998.0,69998.0,700.0,700.0,70698.0,70698.0,2023
223232,Baylor University,Waco,TX,Private Non-Profit,law,57369.0,57369.0,61.0,61.0,57430.0,57430.0,2023
225511,University of Houston,Houston,TX,Public,law,26257.0,38017.0,1026.0,1026.0,27283.0,39043.0,2023
228149,St. Mary's University,San Antonio,TX,Private Non-Profit,law,21166.0,21166.0,1508.0,1508.0,22674.0,22674.0,2023
228194,South Texas College of Law Houston,Houston,TX,Private Non-Profit,law,41110.0,41110.0,1000.0,1000.0,42110.0,42110.0,2023
228246,Southern Methodist University,Dallas,TX,Private Non-Profit,law,42186.0,42186.0,5472.0,5472.0,47658.0,47658.0,2023
228723,Texas A & M University-College Station,College Station,TX,Public,law,8540.0,24909.0,24093.0,24093.0,32633.0,49002.0,2023
228778,The University of Texas at Austin,Austin,TX,Public,law,34868.0,51774.0,0.0,0.0,34868.0,51774.0,2023
229063,Texas Southern University,Houston,TX,Public,law,18582.0,25932.0,1836.0,1836.0,20418.0,27768.0,2023
229115,Texas Tech University,Lubbock,TX,Public,law,22590.0,34290.0,4942.0,4942.0,27532.0,39232.0,2023
230038,Brigham Young University,Provo,UT,Private Non-Profit,law,15076.0,15076.0,0.0,0.0,15076.0,15076.0,2023
230764,University of Utah,Salt Lake City,UT,Public,law,32451.0,42416.0,1183.0,1183.0,33634.0,43599.0,2023
231147,Vermont Law and Graduate School,South Royalton,VT,Private Non-Profit,law,51700.0,51700.0,1075.0,1075.0,52775.0,52775.0,2023
231624,William & Mary,Williamsburg,VA,Public,law,34307.0,53018.0,6868.0,7439.0,41175.0,60457.0,2023
231651,Regent University,Virginia Beach,VA,Private Non-Profit,law,38850.0,38850.0,1700.0,1700.0,40550.0,40550.0,2023
232186,George Mason University,Fairfax,VA,Public,law,24136.0,39984.0,2814.0,2814.0,26950.0,42798.0,2023
232557,Liberty University,Lynchburg,VA,Private Non-Profit,law,40586.0,40586.0,2306.0,2306.0,42892.0,42892.0,2023
233374,University of Richmond,University of Richmond,VA,Private Non-Profit,law,53440.0,53440.0,0.0,0.0,53440.0,53440.0,2023
234076,University of Virginia-Main Campus,Charlottesville,VA,Public,law,67676.0,69994.0,3452.0,4206.0,71128.0,74200.0,2023
234207,Washington and Lee University,Lexington,VA,Private Non-Profit,law,53120.0,53120.0,1430.0,1430.0,54550.0,54550.0,2023
235316,Gonzaga University,Spokane,WA,Private Non-Profit,law,52574.0,52574.0,215.0,215.0,52789.0,52789.0,2023
236595,Seattle University,Seattle,WA,Private Non-Profit,law,56340.0,56340.0,833.0,833.0,57173.0,57173.0,2023
236948,University of Washington-Seattle Campus,Seattle,WA,Public,law,42465.0,54498.0,1119.0,1119.0,43584.0,55617.0,2023
238032,West Virginia University,Morgantown,WV,Public,law,26010.0,43362.0,0.0,0.0,26010.0,43362.0,2023
239105,Marquette University,Milwaukee,WI,Private Non-Profit,law,49710.0,49710.0,0.0,0.0,49710.0,49710.0,2023
240444,University of Wisconsin-Madison,Madison,WI,Public,law,33635.0,51332.0,1561.0,1561.0,35196.0,52893.0,2023
240727,University of Wyoming,Laramie,WY,Public,law,16290.0,34770.0,1656.0,1656.0,17946.0,36426.0,2023
241410,Pontifical Catholic University of Puerto Rico-Ponce,Ponce,PR,Private Non-Profit,law,16640.0,16640.0,1008.0,1008.0,17648.0,17648.0,2023
242723,Inter American University of Puerto Rico-School of Law,San Juan,PR,Private Non-Profit,law,13580.0,13580.0,970.0,970.0,14550.0,14550.0,2023
243221,University of Puerto Rico-Rio Piedras,San Juan,PR,Public,law,9150.0,9150.0,600.0,600.0,9750.0,9750.0,2023
243744,Stanford University,Stanford,CA,Private Non-Profit,law,71610.0,71610.0,753.0,753.0,72363.0,72363.0,2023
369002,Massachusetts School of Law,Andover,MA,Private Non-Profit,law,865.0,865.0,750.0,750.0,1615.0,1615.0,2023
409616,Roger Williams University School of Law,Bristol,RI,Private Non-Profit,law,44834.0,44834.0,1630.0,1630.0,46464.0,46464.0,2023
432348,Appalachian School of Law,Grundy,VA,Private Non-Profit,law,41000.0,41000.0,0.0,0.0,41000.0,41000.0,2023
440916,Southern University Law Center,Baton Rouge,LA,Public,law,11338.0,11338.0,6096.0,18696.0,17434.0,30034.0,2023
442295,Ave Maria School of Law,Naples,FL,Private Non-Profit,law,46400.0,46400.0,3256.0,3256.0,49656.0,49656.0,2023
444130,Northcentral University,San Diego,CA,Private Non-Profit,law,20010.0,20010.0,2960.0,2960.0,22970.0,22970.0,2023
451510,Charleston School of Law,Charleston,SC,Private For-Profit,law,45100.0,45100.0,1034.0,1034.0,46134.0,46134.0,2023
454689,Taft University System,Denver,CO,Private For-Profit,law,8760.0,8760.0,110.0,110.0,8870.0,8870.0,2023
475228,The Colleges of Law at Santa Barbara,Santa Barbara,CA,Private Non-Profit,law,19152.0,19152.0,0.0,0.0,19152.0,19152.0,2023
484862,University of West Los Angeles,Inglewood,CA,Private For-Profit,law,27240.0,27240.0,2497.0,2497.0,29737.0,29737.0,2023
484905,University of North Texas at Dallas,Dallas,TX,Public,law,14618.0,25782.0,1890.0,1890.0,16508.0,27672.0,2023
488031,Abraham Lincoln University,Glendale,CA,Private For-Profit,law,10100.0,10100.0,300.0,300.0,10400.0,10400.0,2023
489779,Purdue University Global,West Lafayette,IN,Public,law,11664.0,12960.0,797.0,885.0,12461.0,13845.0,2023
490133,Westcliff University,Irvine,CA,Private For-Profit,law,49040.0,49040.0,808.0,808.0,49848.0,49848.0,2023
493956,Cal Northern School of Law,Chico,CA,Private For-Profit,law,17710.0,17710.0,440.0,440.0,18150.0,18150.0,2023
100663,University of Alabama at Birmingham,Birmingham,AL,Public,medicine,32134.0,62714.0,0.0,0.0,32134.0,62714.0,2023
100751,The University of Alabama,Tuscaloosa,AL,Public,medicine,32134.0,62714.0,0.0,0.0,32134.0,62714.0,2023
102094,University of South Alabama,Mobile,AL,Public,medicine,34207.0,68414.0,688.0,688.0,34895.0,69102.0,2023
104179,University of Arizona,Tucson,AZ,Public,medicine,37788.0,55960.0,1671.0,1671.0,39459.0,57631.0,2023
106263,University of Arkansas for Medical Sciences,Little Rock,AR,Public,medicine,33010.0,65180.0,1692.0,1692.0,34702.0,66872.0,2023
110635,University of California-Berkeley,Berkeley,CA,Public,medicine,36750.0,48955.0,2997.0,2997.0,39747.0,51952.0,2023
110644,University of California-Davis,Davis,CA,Public,medicine,38244.0,50489.0,2296.0,2296.0,40540.0,52785.0,2023
110653,University of California-Irvine,Irvine,CA,Public,medicine,38250.0,50495.0,2011.0,2011.0,40261.0,52506.0,2023
110662,University of California-Los Angeles,Los Angeles,CA,Public,medicine,42568.0,54813.0,1619.0,1619.0,44187.0,56432.0,2023
110671,University of California-Riverside,Riverside,CA,Public,medicine,38208.0,50453.0,2102.0,2102.0,40310.0,52555.0,2023
110680,University of California-San Diego,La Jolla,CA,Public,medicine,40881.0,53126.0,2271.0,2271.0,43152.0,55397.0,2023
110699,University of California-San Francisco,San Francisco,CA,Public,medicine,38241.0,50486.0,1928.0,1928.0,40169.0,52414.0,2023
111966,Charles R Drew University of Medicine and Science,Los Angeles,CA,Private Non-Profit,medicine,69000.0,69000.0,0.0,0.0,69000.0,69000.0,2023
117636,Loma Linda University,Loma Linda,CA,Private Non-Profit,medicine,62880.0,62880.0,4123.0,4123.0,67003.0,67003.0,2023
123961,University of Southern California,Los Angeles,CA,Private Non-Profit,medicine,70889.0,70889.0,1803.0,1803.0,72692.0,72692.0,2023
126562,University of Colorado Denver/Anschutz Medical Campus,Denver,CO,Public,medicine,44754.0,70709.0,223.0,223.0,44977.0,70932.0,2023
129020,University of Connecticut,Storrs,CT,Public,medicine,44666.0,74367.0,2660.0,2660.0,47326.0,77027.0,2023
130226,Quinnipiac University,Hamden,CT,Private Non-Profit,medicine,62230.0,62230.0,1460.0,1460.0,63690.0,63690.0,2023
130794,Yale University,New Haven,CT,Private Non-Profit,medicine,70184.0,70184.0,1205.0,1205.0,71389.0,71389.0,2023
131469,George Washington University,Washington,DC,Private Non-Profit,medicine,67816.0,67816.0,240.0,240.0,68056.0,68056.0,2023
131496,Georgetown University,Washington,DC,Private Non-Profit,medicine,60613.0,60613.0,0.0,0.0,60613.0,60613.0,2023
131520,Howard University,Washington,DC,Private Non-Profit,medicine,55242.0,55242.0,2390.0,2390.0,57632.0,57632.0,2023
132903,University of Central Florida,Orlando,FL,Public,medicine,25491.0,51085.0,4189.0,5469.0,29680.0,56554.0,2023
133669,Florida Atlantic University,Boca Raton,FL,Public,medicine,28111.0,62532.0,3523.0,5244.0,31634.0,67776.0,2023
133951,Florida International University,Miami,FL,Public,medicine,32737.0,62737.0,6118.0,7618.0,38855.0,70355.0,2023
134097,Florida State University,Tallahassee,FL,Public,medicine,22408.0,55314.0,3203.0,4848.0,25611.0,60162.0,2023
134130,University of Florida,Gainesville,FL,Public,medicine,32744.0,60592.0,3913.0,5306.0,36657.0,65898.0,2023
135726,University of Miami,Coral Gables,FL,Private Non-Profit,medicine,51628.0,51628.0,1883.0,1883.0,53511.0,53511.0,2023
136215,Nova Southeastern University,Fort Lauderdale,FL,Private Non-Profit,medicine,67513.0,67513.0,1345.0,1345.0,68858.0,68858.0,2023
137351,University of South Florida,Tampa,FL,Public,medicine,29175.0,49355.0,4551.0,5561.0,33726.0,54916.0,2023
139658,Emory University,Atlanta,GA,Private Non-Profit,medicine,54000.0,54000.0,1242.0,1242.0,55242.0,55242.0,2023
140447,Mercer University,Macon,GA,Private Non-Profit,medicine,43556.0,43556.0,300.0,300.0,43856.0,43856.0,2023
140562,Morehouse School of Medicine,Atlanta,GA,Private Non-Profit,medicine,44502.0,44502.0,9653.0,9653.0,54155.0,54155.0,2023
141574,University of Hawaii at Manoa,Honolulu,HI,Public,medicine,36672.0,71328.0,772.0,772.0,37444.0,72100.0,2023
144050,University of Chicago,Chicago,IL,Private Non-Profit,medicine,79624.0,79624.0,1864.0,1864.0,81488.0,81488.0,2023
145558,Rosalind Franklin University of Medicine and Science,North Chicago,IL,Private Non-Profit,medicine,64804.0,64804.0,1677.0,1677.0,66481.0,66481.0,2023
145600,University of Illinois Chicago,Chicago,IL,Public,medicine,31200.0,53800.0,3202.0,3202.0,34402.0,57002.0,2023
145637,University of Illinois Urbana-Champaign,Champaign,IL,Public,medicine,37186.0,46926.0,3292.0,3292.0,40478.0,50218.0,2023
146719,Loyola University Chicago,Chicago,IL,Private Non-Profit,medicine,65030.0,65030.0,5607.0,5607.0,70637.0,70637.0,2023
147767,Northwestern University,Evanston,IL,Private Non-Profit,medicine,69850.0,69850.0,2198.0,2198.0,72048.0,72048.0,2023
148511,Rush University,Chicago,IL,Private Non-Profit,medicine,56730.0,56730.0,0.0,0.0,56730.0,56730.0,2023
149222,Southern Illinois University-Carbondale,Carbondale,IL,Public,medicine,35616.0,,6103.0,,41719.0,,2023
151111,Indiana University-Indianapolis,Indianapolis,IN,Public,medicine,38386.0,64533.0,0.0,0.0,38386.0,64533.0,2023
153658,University of Iowa,Iowa City,IA,Public,medicine,36382.0,57157.0,1740.0,1740.0,38122.0,58897.0,2023
155317,University of Kansas,Lawrence,KS,Public,medicine,39785.0,70440.0,844.0,844.0,40629.0,71284.0,2023
157085,University of Kentucky,Lexington,KY,Public,medicine,40119.0,74523.0,1544.0,1544.0,41663.0,76067.0,2023
157289,University of Louisville,Louisville,KY,Public,medicine,44482.0,67564.0,1606.0,1606.0,46088.0,69170.0,2023
159373,Louisiana State University Health Sciences Center-New Orleans,New Orleans,LA,Public,medicine,31375.0,31375.0,1561.0,29738.0,32936.0,61113.0,2023
160755,Tulane University of Louisiana,New Orleans,LA,Private Non-Profit,medicine,69318.0,69318.0,4448.0,4448.0,73766.0,73766.0,2023
162928,Johns Hopkins University,Baltimore,MD,Private Non-Profit,medicine,62850.0,62850.0,3966.0,3966.0,66816.0,66816.0,2023
163259,"University of Maryland, Baltimore",Baltimore,MD,Public,medicine,39731.0,69619.0,2030.0,2030.0,41761.0,71649.0,2023
164988,Boston University,Boston,MA,Private Non-Profit,medicine,69806.0,69806.0,514.0,514.0,70320.0,70320.0,2023
166027,Harvard University,Cambridge,MA,Private Non-Profit,medicine,69300.0,69300.0,2005.0,2005.0,71305.0,71305.0,2023
166708,University of Massachusetts Chan Medical School,Worcester,MA,Public,medicine,39380.0,67718.0,2310.0,2310.0,41690.0,70028.0,2023
168148,Tufts University,Medford,MA,Private Non-Profit,medicine,69036.0,69036.0,832.0,832.0,69868.0,69868.0,2023
169248,Central Michigan University,Mount Pleasant,MI,Public,medicine,43952.0,43952.0,0.0,0.0,43952.0,43952.0,2023
170976,University of Michigan-Ann Arbor,Ann Arbor,MI,Public,medicine,52779.0,71805.0,498.0,498.0,53277.0,72303.0,2023
171100,Michigan State University,East Lansing,MI,Public,medicine,31312.0,58066.0,340.0,340.0,31652.0,58406.0,2023
171571,Oakland University,Rochester Hills,MI,Public,medicine,57936.0,57936.0,0.0,0.0,57936.0,57936.0,2023
172644,Wayne State University,Detroit,MI,Public,medicine,37895.0,66008.0,2564.0,2564.0,40459.0,68572.0,2023
173957,Mayo Clinic College of Medicine and Science,Rochester,MN,Private Non-Profit,medicine,64000.0,64000.0,2000.0,2000.0,66000.0,66000.0,2023
174066,University of Minnesota-Twin Cities,Minneapolis,MN,Public,medicine,42861.0,64257.0,2316.0,2316.0,45177.0,66573.0,2023
174233,University of Minnesota-Duluth,Duluth,MN,Public,medicine,42861.0,64257.0,1223.0,1223.0,44084.0,65480.0,2023
176017,University of Mississippi,University,MS,Public,medicine,34600.0,81284.0,605.0,605.0,35205.0,81889.0,2023
178396,University of Missouri-Columbia,Columbia,MO,Public,medicine,42170.0,85290.0,3005.0,3005.0,45175.0,88295.0,2023
178402,University of Missouri-Kansas City,Kansas City,MO,Public,medicine,30552.0,60448.0,2181.0,2181.0,32733.0,62629.0,2023
179159,Saint Louis University,Saint Louis,MO,Private Non-Profit,medicine,65000.0,65000.0,914.0,914.0,65914.0,65914.0,2023
179867,Washington University in St Louis,Saint Louis,MO,Private Non-Profit,medicine,67295.0,67295.0,1500.0,1500.0,68795.0,68795.0,2023
181002,Creighton University,Omaha,NE,Private Non-Profit,medicine,65088.0,65088.0,2000.0,2000.0,67088.0,67088.0,2023
181428,University of Nebraska Medical Center,Omaha,NE,Public,medicine,18300.0,24840.0,1108.0,1108.0,19408.0,25948.0,2023
182281,University of Nevada-Las Vegas,Las Vegas,NV,Public,medicine,35948.0,68116.0,1289.0,1289.0,37237.0,69405.0,2023
182290,University of Nevada-Reno,Reno,NV,Public,medicine,31758.0,59008.0,2221.0,2221.0,33979.0,61229.0,2023
182670,Dartmouth College,Hanover,NH,Private Non-Profit,medicine,67532.0,67532.0,2551.0,2551.0,70083.0,70083.0,2023
184782,Rowan University,Glassboro,NJ,Public,medicine,44628.0,70826.0,2370.0,2370.0,46998.0,73196.0,2023
186380,Rutgers University-New Brunswick,New Brunswick,NJ,Public,medicine,44435.0,71279.0,3070.0,3070.0,47505.0,74349.0,2023
187985,University of New Mexico-Main Campus,Albuquerque,NM,Public,medicine,15328.0,44023.0,3783.0,3783.0,19111.0,47806.0,2023
188580,Albany Medical College,Albany,NY,Private Non-Profit,medicine,57598.0,57598.0,125.0,125.0,57723.0,57723.0,2023
190150,Columbia University in the City of New York,New York,NY,Private Non-Profit,medicine,70884.0,70884.0,2617.0,2617.0,73501.0,73501.0,2023
190424,Weill Medical College of Cornell University,New York,NY,Private Non-Profit,medicine,67400.0,67400.0,4577.0,4577.0,71977.0,71977.0,2023
190567,CUNY City College,New York,NY,Public,medicine,41600.0,69260.0,312.0,312.0,41912.0,69572.0,2023
191649,Hofstra University,Hempstead,NY,Private Non-Profit,medicine,56250.0,56250.0,2015.0,2015.0,58265.0,58265.0,2023
193405,Icahn School of Medicine at Mount Sinai,New York,NY,Private Non-Profit,medicine,64701.0,64701.0,1745.0,1745.0,66446.0,66446.0,2023
193830,New York Medical College,Valhalla,NY,Private Non-Profit,medicine,60800.0,60800.0,3024.0,3024.0,63824.0,63824.0,2023
193900,New York University,New York,NY,Private Non-Profit,medicine,60775.0,60775.0,4250.0,4250.0,65025.0,65025.0,2023
195030,University of Rochester,Rochester,NY,Private Non-Profit,medicine,68230.0,68230.0,2717.0,2717.0,70947.0,70947.0,2023
196088,University at Buffalo,Buffalo,NY,Public,medicine,44980.0,67110.0,3058.0,3058.0,48038.0,70168.0,2023
196097,Stony Brook University,Stony Brook,NY,Public,medicine,44980.0,67110.0,4209.0,4209.0,49189.0,71319.0,2023
196255,SUNY Downstate Health Sciences University,Brooklyn,NY,Public,medicine,44980.0,67110.0,733.0,733.0,45713.0,67843.0,2023
196307,Upstate Medical University,Syracuse,NY,Public,medicine,43670.0,65160.0,1543.0,1543.0,45213.0,66703.0,2023
198419,Duke University,Durham,NC,Private Non-Profit,medicine,68147.0,68147.0,1490.0,1490.0,69637.0,69637.0,2023
198464,East Carolina University,Greenville,NC,Public,medicine,22252.0,22252.0,2909.0,2909.0,25161.0,25161.0,2023
199120,University of North Carolina at Chapel Hill,Chapel Hill,NC,Public,medicine,32746.0,60706.0,1960.0,1960.0,34706.0,62666.0,2023
199847,Wake Forest University,Winston-Salem,NC,Private Non-Profit,medicine,63674.0,63674.0,0.0,0.0,63674.0,63674.0,2023
200280,University of North Dakota,Grand Forks,ND,Public,medicine,34360.0,63598.0,1714.0,1714.0,36074.0,65312.0,2023
201645,Case Western Reserve University,Cleveland,OH,Private Non-Profit,medicine,69712.0,69712.0,1866.0,1866.0,71578.0,71578.0,2023
201885,University of Cincinnati-Main Campus,Cincinnati,OH,Public,medicine,33934.0,52792.0,1678.0,1678.0,35612.0,54470.0,2023
204477,Northeast Ohio Medical University,Rootstown,OH,Public,medicine,43563.0,43563.0,5519.0,5519.0,49082.0,49082.0,2023
204796,Ohio State University-Main Campus,Columbus,OH,Public,medicine,30124.0,55044.0,1164.0,1164.0,31288.0,56208.0,2023
206084,University of Toledo,Toledo,OH,Public,medicine,35324.0,68610.0,2636.0,2636.0,37960.0,71246.0,2023
206604,Wright State University-Main Campus,Dayton,OH,Public,medicine,45787.0,66937.0,0.0,0.0,45787.0,66937.0,2023
207342,University of Oklahoma-Health Sciences Center,Oklahoma City,OK,Public,medicine,27525.0,62821.0,3262.0,3262.0,30787.0,66083.0,2023
209490,Oregon Health & Science University,Portland,OR,Public,medicine,47072.0,72356.0,9973.0,9973.0,57045.0,82329.0,2023
212054,Drexel University,Philadelphia,PA,Private Non-Profit,medicine,65692.0,65692.0,2098.0,2098.0,67790.0,67790.0,2023
214777,Pennsylvania State University-Main Campus,University Park,PA,Public,medicine,57724.0,57724.0,72.0,72.0,57796.0,57796.0,2023
215062,University of Pennsylvania,Philadelphia,PA,Private Non-Profit,medicine,65940.0,65940.0,5940.0,5940.0,71880.0,71880.0,2023
215293,University of Pittsburgh-Pittsburgh Campus,Pittsburgh,PA,Public,medicine,63334.0,65800.0,1230.0,1230.0,64564.0,67030.0,2023
216339,Temple University,Philadelphia,PA,Public,medicine,56080.0,59462.0,968.0,968.0,57048.0,60430.0,2023
216366,Thomas Jefferson University,Philadelphia,PA,Private Non-Profit,medicine,63366.0,63366.0,1024.0,1024.0,64390.0,64390.0,2023
217156,Brown University,Providence,RI,Private Non-Profit,medicine,69286.0,69286.0,1340.0,1340.0,70626.0,70626.0,2023
218335,Medical University of South Carolina,Charleston,SC,Public,medicine,25000.0,44566.0,1122.0,1122.0,26122.0,45688.0,2023
218663,University of South Carolina-Columbia,Columbia,SC,Public,medicine,42888.0,87150.0,600.0,600.0,43488.0,87750.0,2023
219471,University of South Dakota,Vermillion,SD,Public,medicine,32105.0,76935.0,0.0,0.0,32105.0,76935.0,2023
220075,East Tennessee State University,Johnson City,TN,Public,medicine,36480.0,47964.0,2226.0,2226.0,38706.0,50190.0,2023
220792,Meharry Medical College,Nashville,TN,Private Non-Profit,medicine,55821.0,55821.0,8183.0,8183.0,64004.0,64004.0,2023
221999,Vanderbilt University,Nashville,TN,Private Non-Profit,medicine,66828.0,66828.0,1602.0,1602.0,68430.0,68430.0,2023
223223,Baylor College of Medicine,Houston,TX,Private Non-Profit,medicine,25975.0,25975.0,3138.0,3138.0,29113.0,29113.0,2023
225511,University of Houston,Houston,TX,Public,medicine,23154.0,36254.0,1026.0,1026.0,24180.0,37280.0,2023
227368,The University of Texas Rio Grande Valley,Edinburg,TX,Public,medicine,18150.0,31250.0,2201.0,2201.0,20351.0,33451.0,2023
228635,University of Texas Southwestern Medical Center,Dallas,TX,Public,medicine,21085.0,34700.0,1284.0,1284.0,22369.0,35984.0,2023
228644,The University of Texas Health Science Center at San Antonio,San Antonio,TX,Public,medicine,18267.0,35979.0,5468.0,5468.0,23735.0,41447.0,2023
228653,The University of Texas Medical Branch at Galveston,Galveston,TX,Public,medicine,20271.0,34981.0,5235.0,5235.0,25506.0,40216.0,2023
228723,Texas A & M University-College Station,College Station,TX,Public,medicine,17968.0,31068.0,3792.0,3792.0,21760.0,34860.0,2023
228778,The University of Texas at Austin,Austin,TX,Public,medicine,21086.0,35406.0,0.0,0.0,21086.0,35406.0,2023
228802,The University of Texas at Tyler,Tyler,TX,Public,medicine,20100.0,36040.0,2282.0,2282.0,22382.0,38322.0,2023
228875,Texas Christian University,Fort Worth,TX,Private Non-Profit,medicine,66820.0,66820.0,0.0,0.0,66820.0,66820.0,2023
229300,The University of Texas Health Science Center at Houston,Houston,TX,Public,medicine,19521.0,26125.0,4517.0,4517.0,24038.0,30642.0,2023
229337,Texas Tech University Health Sciences Center,Lubbock,TX,Public,medicine,17421.0,30521.0,4958.0,4958.0,22379.0,35479.0,2023
230764,University of Utah,Salt Lake City,UT,Public,medicine,44713.0,84650.0,1183.0,1183.0,45896.0,85833.0,2023
231174,University of Vermont,Burlington,VT,Public,medicine,37070.0,64170.0,2188.0,2188.0,39258.0,66358.0,2023
231970,Eastern Virginia Medical School,Norfolk,VA,Public,medicine,35131.0,57510.0,3823.0,3823.0,38954.0,61333.0,2023
233921,Virginia Polytechnic Institute and State University,Blacksburg,VA,Public,medicine,58826.0,58826.0,1529.0,1529.0,60355.0,60355.0,2023
234030,Virginia Commonwealth University,Richmond,VA,Public,medicine,35460.0,59441.0,3759.0,4449.0,39219.0,63890.0,2023
234076,University of Virginia-Main Campus,Charlottesville,VA,Public,medicine,47196.0,58670.0,3536.0,4218.0,50732.0,62888.0,2023
236939,Washington State University,Pullman,WA,Public,medicine,40891.0,,782.0,,41673.0,,2023
236948,University of Washington-Seattle Campus,Seattle,WA,Public,medicine,40203.0,71787.0,1119.0,1119.0,41322.0,72906.0,2023
237525,Marshall University,Huntington,WV,Public,medicine,8484.0,20856.0,16504.0,38282.0,24988.0,59138.0,2023
238032,West Virginia University,Morgantown,WV,Public,medicine,22932.0,45468.0,0.0,0.0,22932.0,45468.0,2023
239169,Medical College of Wisconsin,Milwaukee,WI,Private Non-Profit,medicine,64174.0,64174.0,897.0,897.0,65071.0,65071.0,2023
240444,University of Wisconsin-Madison,Madison,WI,Public,medicine,40673.0,57923.0,1561.0,1561.0,42234.0,59484.0,2023
240727,University of Wyoming,Laramie,WY,Public,medicine,18557.0,18557.0,0.0,0.0,18557.0,18557.0,2023
243081,Ponce Health Sciences University,Ponce,PR,Private For-Profit,medicine,43691.0,68180.0,3276.0,3276.0,46967.0,71456.0,2023
243203,University of Puerto Rico-Medical Sciences,San Juan,PR,Public,medicine,17500.0,35000.0,9427.0,9427.0,26927.0,44427.0,2023
243568,Universidad Central Del Caribe,Bayamon,PR,Private Non-Profit,medicine,34250.0,42255.0,4367.0,4367.0,38617.0,46622.0,2023
243744,Stanford University,Stanford,CA,Private Non-Profit,medicine,65343.0,65343.0,753.0,753.0,66096.0,66096.0,2023
385415,Albert Einstein College of Medicine,Bronx,NY,Private Non-Profit,medicine,59548.0,59548.0,3979.0,3979.0,63527.0,63527.0,2023
430670,San Juan Bautista School of Medicine,Caguas,PR,Private Non-Profit,medicine,30000.0,40000.0,5000.0,5000.0,35000.0,45000.0,2023
435000,Louisiana State University Health Sciences Center-Shreveport,Shreveport,LA,Public,medicine,28592.0,60414.0,752.0,752.0,29344.0,61166.0,2023
456542,Geisinger Commonwealth School of Medicine,Scranton,PA,Private Non-Profit,medicine,60286.0,66970.0,1950.0,1950.0,62236.0,68920.0,2023
482149,Augusta University,Augusta,GA,Public,medicine,28926.0,57850.0,0.0,0.0,28926.0,57850.0,2023
487010,The University of Tennessee Health Science Center,Memphis,TN,Public,medicine,35084.0,52626.0,1600.0,1600.0,36684.0,54226.0,2023
490373,Western Michigan University Homer Stryker M.D. School of Medicine,Kalamazoo,MI,Private Non-Profit,medicine,68200.0,68200.0,0.0,0.0,68200.0,68200.0,2023
492689,Texas Tech University Health Sciences Center-El Paso,El Paso,TX,Public,medicine,16946.0,31897.0,4538.0,4538.0,21484.0,36435.0,2023
494010,Ponce Health Sciences University-St Louis,St. Louis,MO,Private For-Profit,medicine,43691.0,,6136.0,,49827.0,,2023
495314,Hackensack Meridian School of Medicine,Nutley,NJ,Private Non-Profit,medicine,69859.0,69859.0,3477.0,3477.0,73336.0,73336.0,2023
496043,California University of Science and Medicine,Colton,CA,Private Non-Profit,medicine,63500.0,63500.0,4000.0,4000.0,67500.0,67500.0,2023
496627,California Northstate University,Elk Grove,CA,Private For-Profit,medicine,74423.0,74423.0,1216.0,1216.0,75639.0,75639.0,2023
100663,University of Alabama at Birmingham,Birmingham,AL,Public,optometry,29841.0,54012.0,0.0,0.0,29841.0,54012.0,2023
110635,University of California-Berkeley,Berkeley,CA,Public,optometry,35386.0,47631.0,2997.0,2997.0,38383.0,50628.0,2023
112525,Western University of Health Sciences,Pomona,CA,Private Non-Profit,optometry,45058.0,45058.0,4708.0,4708.0,49766.0,49766.0,2023
123943,Marshall B Ketchum University,Fullerton,CA,Private Non-Profit,optometry,49230.0,49230.0,450.0,450.0,49680.0,49680.0,2023
136215,Nova Southeastern University,Fort Lauderdale,FL,Private Non-Profit,optometry,40500.0,40500.0,1345.0,1345.0,41845.0,41845.0,2023
143853,Midwestern University-Downers Grove,Downers Grove,IL,Private Non-Profit,optometry,47424.0,47424.0,740.0,740.0,48164.0,48164.0,2023
145628,Illinois College of Optometry,Chicago,IL,Private Non-Profit,optometry,47985.0,47985.0,395.0,395.0,48380.0,48380.0,2023
151351,Indiana University-Bloomington,Bloomington,IN,Public,optometry,32478.0,45014.0,1478.0,1478.0,33956.0,46492.0,2023
157535,University of Pikeville,Pikeville,KY,Private Non-Profit,optometry,46250.0,46250.0,0.0,0.0,46250.0,46250.0,2023
166656,MCPHS University,Boston,MA,Private Non-Profit,optometry,49140.0,49140.0,1230.0,1230.0,50370.0,50370.0,2023
167093,New England College of Optometry,Boston,MA,Private Non-Profit,optometry,46316.0,46316.0,3525.0,3525.0,49841.0,49841.0,2023
169910,Ferris State University,Big Rapids,MI,Public,optometry,34780.0,34780.0,106.0,106.0,34886.0,34886.0,2023
178420,University of Missouri-St Louis,Saint Louis,MO,Public,optometry,28156.0,46480.0,1800.0,1800.0,29956.0,48280.0,2023
196228,SUNY College of Optometry,New York,NY,Public,optometry,30710.0,51660.0,691.0,691.0,31401.0,52351.0,2023
204796,Ohio State University-Main Campus,Columbus,OH,Public,optometry,28300.0,49356.0,2234.0,2234.0,30534.0,51590.0,2023
207263,Northeastern State University,Tahlequah,OK,Public,optometry,20700.0,41050.0,1275.0,1275.0,21975.0,42325.0,2023
209612,Pacific University,Forest Grove,OR,Private Non-Profit,optometry,48096.0,48096.0,523.0,523.0,48619.0,48619.0,2023
214564,Salus University,Elkins Park,PA,Private Non-Profit,optometry,47180.0,47180.0,1270.0,1270.0,48450.0,48450.0,2023
221670,Southern College of Optometry,Memphis,TN,Private Non-Profit,optometry,41536.0,41536.0,420.0,420.0,41956.0,41956.0,2023
225511,University of Houston,Houston,TX,Public,optometry,16046.0,28526.0,1026.0,1026.0,17072.0,29552.0,2023
225627,University of the Incarnate Word,San Antonio,TX,Private Non-Profit,optometry,40500.0,40500.0,3135.0,3135.0,43635.0,43635.0,2023
404222,Inter American University of Puerto Rico-School of Optometry,Bayamon,PR,Private Non-Profit,optometry,30000.0,30000.0,1140.0,1140.0,31140.0,31140.0,2023
423643,Midwestern University-Glendale,Glendale,AZ,Private Non-Profit,optometry,47626.0,47626.0,740.0,740.0,48366.0,48366.0,2023
475495,Rocky Mountain University of Health Professions,Provo,UT,Private For-Profit,optometry,32173.0,32173.0,2570.0,2570.0,34743.0,34743.0,2023
112525,Western University of Health Sciences,Pomona,CA,Private Non-Profit,osteopathic,65500.0,65500.0,1133.0,1133.0,66633.0,66633.0,2023
136215,Nova Southeastern University,Fort Lauderdale,FL,Private Non-Profit,osteopathic,67513.0,67513.0,1345.0,1345.0,68858.0,68858.0,2023
143853,Midwestern University-Downers Grove,Downers Grove,IL,Private Non-Profit,osteopathic,81125.0,81125.0,740.0,740.0,81865.0,81865.0,2023
151786,Marian University,Indianapolis,IN,Private Non-Profit,osteopathic,57000.0,57000.0,0.0,0.0,57000.0,57000.0,2023
154156,Des Moines University-Osteopathic Medical Center,West Des Moines,IA,Private Non-Profit,osteopathic,61304.0,61304.0,89.0,89.0,61393.0,61393.0,2023
157535,University of Pikeville,Pikeville,KY,Private Non-Profit,osteopathic,53000.0,53000.0,0.0,0.0,53000.0,53000.0,2023
161457,University of New England,Biddeford,ME,Private Non-Profit,osteopathic,64160.0,64160.0,3890.0,3890.0,68050.0,68050.0,2023
171100,Michigan State University,East Lansing,MI,Public,osteopathic,31312.0,43550.0,340.0,340.0,31652.0,43890.0,2023
176479,William Carey University,Hattiesburg,MS,Private Non-Profit,osteopathic,46000.0,46000.0,0.0,0.0,46000.0,46000.0,2023
177834,A T Still University of Health Sciences,Kirksville,MO,Private Non-Profit,osteopathic,63880.0,63880.0,1350.0,1350.0,65230.0,65230.0,2023
179812,Kansas City University,Kansas City,MO,Private Non-Profit,osteopathic,53706.0,53706.0,1158.0,1158.0,54864.0,54864.0,2023
184782,Rowan University,Glassboro,NJ,Public,osteopathic,44628.0,70826.0,3436.0,3436.0,48064.0,74262.0,2023
194091,New York Institute of Technology,Old Westbury,NY,Private Non-Profit,osteopathic,64130.0,64130.0,1729.0,1729.0,65859.0,65859.0,2023
196592,Touro University,New York,NY,Private Non-Profit,osteopathic,64040.0,64040.0,200.0,200.0,64240.0,64240.0,2023
198136,Campbell University,Buies Creek,NC,Private Non-Profit,osteopathic,59080.0,59080.0,2140.0,2140.0,61220.0,61220.0,2023
204857,Ohio University-Main Campus,Athens,OH,Public,osteopathic,39842.0,57562.0,1300.0,1300.0,41142.0,58862.0,2023
207315,Oklahoma State University Center for Health Sciences,Tulsa,OK,Public,osteopathic,25796.0,53298.0,3087.0,3087.0,28883.0,56385.0,2023
215123,Philadelphia College of Osteopathic Medicine,Philadelphia,PA,Private Non-Profit,osteopathic,59484.0,59484.0,800.0,800.0,60284.0,60284.0,2023
220631,Lincoln Memorial University,Harrogate,TN,Private Non-Profit,osteopathic,56950.0,56950.0,770.0,770.0,57720.0,57720.0,2023
225627,University of the Incarnate Word,San Antonio,TX,Private Non-Profit,osteopathic,60000.0,60000.0,2200.0,2200.0,62200.0,62200.0,2023
227881,Sam Houston State University,Huntsville,TX,Public,osteopathic,6550.0,19650.0,19950.0,21950.0,26500.0,41600.0,2023
228909,University of North Texas Health Science Center,Fort Worth,TX,Public,osteopathic,13079.0,28767.0,10021.0,10021.0,23100.0,38788.0,2023
232557,Liberty University,Lynchburg,VA,Private Non-Profit,osteopathic,49440.0,49440.0,3460.0,3460.0,52900.0,52900.0,2023
237880,West Virginia School of Osteopathic Medicine,Lewisburg,WV,Public,osteopathic,22472.0,53710.0,1000.0,1000.0,23472.0,54710.0,2023
407629,Lake Erie College of Osteopathic Medicine,Erie,PA,Private Non-Profit,osteopathic,38994.0,38994.0,900.0,900.0,39894.0,39894.0,2023
423643,Midwestern University-Glendale,Glendale,AZ,Private Non-Profit,osteopathic,78689.0,78689.0,740.0,740.0,79429.0,79429.0,2023
442806,Edward Via College of Osteopathic Medicine,Blacksburg,VA,Private Non-Profit,osteopathic,50700.0,50700.0,0.0,0.0,50700.0,50700.0,2023
455406,Pacific Northwest University of Health Sciences,Yakima,WA,Private Non-Profit,osteopathic,63720.0,63720.0,0.0,0.0,63720.0,63720.0,2023
459736,Touro University California,Vallejo,CA,Private Non-Profit,osteopathic,63400.0,63400.0,510.0,510.0,63910.0,63910.0,2023
459824,Touro University Nevada,Henderson,NV,Private Non-Profit,osteopathic,63400.0,63400.0,4760.0,4760.0,68160.0,68160.0,2023
480790,Rocky Vista University,Parker,CO,Private For-Profit,osteopathic,64254.0,64254.0,4849.0,4849.0,69103.0,69103.0,2023
483975,Alabama College of Osteopathic Medicine,Dothan,AL,Private Non-Profit,osteopathic,59388.0,59388.0,250.0,250.0,59638.0,59638.0,2023
488527,Arkansas Colleges of Health Education,Fort Smith,AR,Private Non-Profit,osteopathic,55000.0,55000.0,2550.0,2550.0,57550.0,57550.0,2023
488554,Burrell College of Osteopathic Medicine,Las Cruces,NM,Private For-Profit,osteopathic,63701.0,63701.0,1664.0,1664.0,65365.0,65365.0,2023
488572,California Health Sciences University,Clovis,CA,Private For-Profit,osteopathic,59950.0,59950.0,4380.0,4380.0,64330.0,64330.0,2023
493947,Idaho College of Osteopathic Medicine,Meridian,ID,Private For-Profit,osteopathic,60376.0,60376.0,2500.0,2500.0,62876.0,62876.0,2023
497693,Kansas Health Science Center,Wichita,KS,Private Non-Profit,osteopathic,56650.0,56650.0,2500.0,2500.0,59150.0,59150.0,2023
100858,Auburn University,Auburn,AL,Public,pharmacy,10692.0,32076.0,13832.0,13832.0,24524.0,45908.0,2023
102049,Samford University,Birmingham,AL,Private Non-Profit,pharmacy,35772.0,35772.0,1800.0,1800.0,37572.0,37572.0,2023
104179,University of Arizona,Tucson,AZ,Public,pharmacy,26918.0,46490.0,1671.0,1671.0,28589.0,48161.0,2023
106263,University of Arkansas for Medical Sciences,Little Rock,AR,Public,pharmacy,20244.0,40488.0,1692.0,1692.0,21936.0,42180.0,2023
107044,Harding University,Searcy,AR,Private Non-Profit,pharmacy,40450.0,40450.0,2500.0,2500.0,42950.0,42950.0,2023
110653,University of California-Irvine,Irvine,CA,Public,pharmacy,46434.0,58679.0,2011.0,2011.0,48445.0,60690.0,2023
110680,University of California-San Diego,La Jolla,CA,Public,pharmacy,42639.0,54884.0,2271.0,2271.0,44910.0,57155.0,2023
110699,University of California-San Francisco,San Francisco,CA,Public,pharmacy,44460.0,56705.0,1928.0,1928.0,46388.0,58633.0,2023
111948,Chapman University,Orange,CA,Private Non-Profit,pharmacy,89178.0,89178.0,0.0,0.0,89178.0,89178.0,2023
112525,Western University of Health Sciences,Pomona,CA,Private Non-Profit,pharmacy,55619.0,55619.0,67.0,67.0,55686.0,55686.0,2023
117636,Loma Linda University,Loma Linda,CA,Private Non-Profit,pharmacy,50985.0,50985.0,3900.0,3900.0,54885.0,54885.0,2023
120883,University of the Pacific,Stockton,CA,Private Non-Profit,pharmacy,81519.0,81519.0,2999.0,2999.0,84518.0,84518.0,2023
123943,Marshall B Ketchum University,Fullerton,CA,Private Non-Profit,pharmacy,55090.0,55090.0,450.0,450.0,55540.0,55540.0,2023
123961,University of Southern California,Los Angeles,CA,Private Non-Profit,pharmacy,64914.0,64914.0,2243.0,2243.0,67157.0,67157.0,2023
126562,University of Colorado Denver/Anschutz Medical Campus,Denver,CO,Public,pharmacy,32470.0,41265.0,223.0,223.0,32693.0,41488.0,2023
127918,Regis University,Denver,CO,Private Non-Profit,pharmacy,39474.0,39474.0,2410.0,2410.0,41884.0,41884.0,2023
129020,University of Connecticut,Storrs,CT,Public,pharmacy,29164.0,57336.0,4034.0,4034.0,33198.0,61370.0,2023
130314,University of Saint Joseph,West Hartford,CT,Private Non-Profit,pharmacy,51564.0,51564.0,0.0,0.0,51564.0,51564.0,2023
131520,Howard University,Washington,DC,Private Non-Profit,pharmacy,34150.0,34150.0,1220.0,1220.0,35370.0,35370.0,2023
133650,Florida Agricultural and Mechanical University,Tallahassee,FL,Public,pharmacy,8019.0,22108.0,1857.0,2561.0,9876.0,24669.0,2023
134130,University of Florida,Gainesville,FL,Public,pharmacy,19845.0,41886.0,3057.0,4159.0,22902.0,46045.0,2023
136215,Nova Southeastern University,Fort Lauderdale,FL,Private Non-Profit,pharmacy,35525.0,35525.0,1345.0,1345.0,36870.0,36870.0,2023
136330,Palm Beach Atlantic University,West Palm Beach,FL,Private Non-Profit,pharmacy,37238.0,37238.0,738.0,738.0,37976.0,37976.0,2023
137351,University of South Florida,Tampa,FL,Public,pharmacy,16610.0,34355.0,3295.0,4182.0,19905.0,38537.0,2023
139579,South University-Savannah,Savannah,GA,Private For-Profit,pharmacy,36972.0,36972.0,1890.0,1890.0,38862.0,38862.0,2023
139959,University of Georgia,Athens,GA,Public,pharmacy,16636.0,37344.0,1390.0,1390.0,18026.0,38734.0,2023
140447,Mercer University,Macon,GA,Private Non-Profit,pharmacy,41290.0,41290.0,300.0,300.0,41590.0,41590.0,2023
141565,University of Hawaii at Hilo,Hilo,HI,Public,pharmacy,24096.0,41040.0,494.0,494.0,24590.0,41534.0,2023
142276,Idaho State University,Pocatello,ID,Public,pharmacy,5992.0,25102.0,15892.0,20980.0,21884.0,46082.0,2023
143853,Midwestern University-Downers Grove,Downers Grove,IL,Private Non-Profit,pharmacy,60470.0,60470.0,740.0,740.0,61210.0,61210.0,2023
144005,Chicago State University,Chicago,IL,Public,pharmacy,19260.0,19260.0,4012.0,4012.0,23272.0,23272.0,2023
145558,Rosalind Franklin University of Medicine and Science,North Chicago,IL,Private Non-Profit,pharmacy,40604.0,40604.0,1474.0,1474.0,42078.0,42078.0,2023
145600,University of Illinois Chicago,Chicago,IL,Public,pharmacy,26270.0,26270.0,3160.0,3160.0,29430.0,29430.0,2023
148487,Roosevelt University,Chicago,IL,Private Non-Profit,pharmacy,51920.0,51920.0,380.0,380.0,52300.0,52300.0,2023
149231,Southern Illinois University-Edwardsville,Edwardsville,IL,Public,pharmacy,24578.0,24578.0,4339.0,4339.0,28917.0,28917.0,2023
150163,Butler University,Indianapolis,IN,Private Non-Profit,pharmacy,47620.0,47620.0,400.0,400.0,48020.0,48020.0,2023
151777,Manchester University,North Manchester,IN,Private Non-Profit,pharmacy,40136.0,40136.0,1950.0,1950.0,42086.0,42086.0,2023
153269,Drake University,Des Moines,IA,Private Non-Profit,pharmacy,44530.0,44530.0,478.0,478.0,45008.0,45008.0,2023
153658,University of Iowa,Iowa City,IA,Public,pharmacy,27744.0,43286.0,2047.0,2047.0,29791.0,45333.0,2023
155317,University of Kansas,Lawrence,KS,Public,pharmacy,20888.0,39815.0,1104.0,1104.0,21992.0,40919.0,2023
157085,University of Kentucky,Lexington,KY,Public,pharmacy,28341.0,54555.0,1544.0,1544.0,29885.0,56099.0,2023
157793,Sullivan University,Louisville,KY,Private For-Profit,pharmacy,41212.0,41212.0,0.0,0.0,41212.0,41212.0,2023
159993,University of Louisiana at Monroe,Monroe,LA,Public,pharmacy,10729.0,30985.0,13555.0,13555.0,24284.0,44540.0,2023
160904,Xavier University of Louisiana,New Orleans,LA,Private Non-Profit,pharmacy,38230.0,38230.0,3854.0,3854.0,42084.0,42084.0,2023
161457,University of New England,Biddeford,ME,Private Non-Profit,pharmacy,45110.0,45110.0,3050.0,3050.0,48160.0,48160.0,2023
163259,"University of Maryland, Baltimore",Baltimore,MD,Public,pharmacy,29063.0,46418.0,2014.0,2014.0,31077.0,48432.0,2023
163338,University of Maryland Eastern Shore,Princess Anne,MD,Public,pharmacy,30480.0,59207.0,2282.0,2282.0,32762.0,61489.0,2023
163578,Notre Dame of Maryland University,Baltimore,MD,Private Non-Profit,pharmacy,40350.0,40350.0,2000.0,2000.0,42350.0,42350.0,2023
166656,MCPHS University,Boston,MA,Private Non-Profit,pharmacy,37620.0,37620.0,1230.0,1230.0,38850.0,38850.0,2023
167358,Northeastern University,Boston,MA,Private Non-Profit,pharmacy,62000.0,62000.0,1092.0,1092.0,63092.0,63092.0,2023
168254,Western New England University,Springfield,MA,Private Non-Profit,pharmacy,45500.0,45500.0,2850.0,2850.0,48350.0,48350.0,2023
169910,Ferris State University,Big Rapids,MI,Public,pharmacy,29100.0,29100.0,106.0,106.0,29206.0,29206.0,2023
170976,University of Michigan-Ann Arbor,Ann Arbor,MI,Public,pharmacy,35666.0,41948.0,332.0,332.0,35998.0,42280.0,2023
172644,Wayne State University,Detroit,MI,Public,pharmacy,26875.0,34937.0,2610.0,2610.0,29485.0,37547.0,2023
174066,University of Minnesota-Twin Cities,Minneapolis,MN,Public,pharmacy,27864.0,32000.0,2259.0,2259.0,30123.0,34259.0,2023
174233,University of Minnesota-Duluth,Duluth,MN,Public,pharmacy,27864.0,32000.0,1590.0,1590.0,29454.0,33590.0,2023
176017,University of Mississippi,University,MS,Public,pharmacy,28002.0,57444.0,100.0,100.0,28102.0,57544.0,2023
176479,William Carey University,Hattiesburg,MS,Private Non-Profit,pharmacy,42000.0,42000.0,0.0,0.0,42000.0,42000.0,2023
178402,University of Missouri-Kansas City,Kansas City,MO,Public,pharmacy,29416.0,64024.0,1544.0,1544.0,30960.0,65568.0,2023
179265,University of Health Sciences and Pharmacy in St. Louis,Saint Louis,MO,Private Non-Profit,pharmacy,43360.0,43360.0,600.0,600.0,43960.0,43960.0,2023
180489,The University of Montana,Missoula,MT,Public,pharmacy,8302.0,31772.0,7440.0,7440.0,15742.0,39212.0,2023
181002,Creighton University,Omaha,NE,Private Non-Profit,pharmacy,44019.0,44019.0,2000.0,2000.0,46019.0,46019.0,2023
181428,University of Nebraska Medical Center,Omaha,NE,Public,pharmacy,13439.0,13439.0,125.0,125.0,13564.0,13564.0,2023
184603,Fairleigh Dickinson University-Metropolitan Campus,Teaneck,NJ,Private Non-Profit,pharmacy,43946.0,43946.0,1020.0,1020.0,44966.0,44966.0,2023
184694,Fairleigh Dickinson University-Florham Campus,Madison,NJ,Private Non-Profit,pharmacy,43946.0,43946.0,1020.0,1020.0,44966.0,44966.0,2023
186380,Rutgers University-New Brunswick,New Brunswick,NJ,Public,pharmacy,21199.0,41714.0,2794.0,2794.0,23993.0,44508.0,2023
187985,University of New Mexico-Main Campus,Albuquerque,NM,Public,pharmacy,8072.0,25330.0,1212.0,1212.0,9284.0,26542.0,2023
188526,Albany College of Pharmacy and Health Sciences,Albany,NY,Private Non-Profit,pharmacy,45200.0,45200.0,925.0,925.0,46125.0,46125.0,2023
190716,D'Youville  University,Buffalo,NY,Private Non-Profit,pharmacy,41400.0,41400.0,1930.0,1930.0,43330.0,43330.0,2023
192448,Long Island University,Brookville,NY,Private Non-Profit,pharmacy,46654.0,46654.0,2184.0,2184.0,48838.0,48838.0,2023
195720,St. John Fisher University,Rochester,NY,Private Non-Profit,pharmacy,46574.0,46574.0,525.0,525.0,47099.0,47099.0,2023
195809,St. John's University-New York,Queens,NY,Private Non-Profit,pharmacy,55528.0,55528.0,1630.0,1630.0,57158.0,57158.0,2023
196079,Binghamton University,Vestal,NY,Public,pharmacy,26450.0,37140.0,2470.0,2470.0,28920.0,39610.0,2023
196088,University at Buffalo,Buffalo,NY,Public,pharmacy,26450.0,38250.0,3038.0,3038.0,29488.0,41288.0,2023
196592,Touro University,New York,NY,Private Non-Profit,pharmacy,45620.0,45620.0,200.0,200.0,45820.0,45820.0,2023
198136,Campbell University,Buies Creek,NC,Private Non-Profit,pharmacy,45190.0,45190.0,1400.0,1400.0,46590.0,46590.0,2023
198695,High Point University,High Point,NC,Private Non-Profit,pharmacy,43048.0,43048.0,5460.0,5460.0,48508.0,48508.0,2023
199120,University of North Carolina at Chapel Hill,Chapel Hill,NC,Public,pharmacy,25073.0,48200.0,1959.0,1959.0,27032.0,50159.0,2023
199962,Wingate University,Wingate,NC,Private Non-Profit,pharmacy,36724.0,36724.0,510.0,510.0,37234.0,37234.0,2023
200332,North Dakota State University-Main Campus,Fargo,ND,Public,pharmacy,18825.0,28237.0,1548.0,1548.0,20373.0,29785.0,2023
201654,Cedarville University,Cedarville,OH,Private Non-Profit,pharmacy,1577.0,1577.0,800.0,800.0,2377.0,2377.0,2023
201885,University of Cincinnati-Main Campus,Cincinnati,OH,Public,pharmacy,22740.0,35668.0,1678.0,1678.0,24418.0,37346.0,2023
202763,The University of Findlay,Findlay,OH,Private Non-Profit,pharmacy,41250.0,41250.0,1470.0,1470.0,42720.0,42720.0,2023
204477,Northeast Ohio Medical University,Rootstown,OH,Public,pharmacy,24966.0,24966.0,4568.0,4568.0,29534.0,29534.0,2023
204635,Ohio Northern University,Ada,OH,Private Non-Profit,pharmacy,42900.0,42900.0,1100.0,1100.0,44000.0,44000.0,2023
204796,Ohio State University-Main Campus,Columbus,OH,Public,pharmacy,26066.0,54077.0,982.0,982.0,27048.0,55059.0,2023
206084,University of Toledo,Toledo,OH,Public,pharmacy,16431.0,28020.0,1739.0,1739.0,18170.0,29759.0,2023
207342,University of Oklahoma-Health Sciences Center,Oklahoma City,OK,Public,pharmacy,16393.0,36780.0,2757.0,2757.0,19150.0,39537.0,2023
207865,Southwestern Oklahoma State University,Weatherford,OK,Public,pharmacy,21678.0,21708.0,1056.0,1056.0,22734.0,22764.0,2023
209542,Oregon State University,Corvallis,OR,Public,pharmacy,27936.0,45648.0,2349.0,2349.0,30285.0,47997.0,2023
209612,Pacific University,Forest Grove,OR,Private Non-Profit,pharmacy,55854.0,55854.0,2440.0,2440.0,58294.0,58294.0,2023
212106,Duquesne University,Pittsburgh,PA,Private Non-Profit,pharmacy,66312.0,66312.0,534.0,534.0,66846.0,66846.0,2023
215123,Philadelphia College of Osteopathic Medicine,Philadelphia,PA,Private Non-Profit,pharmacy,43716.0,43716.0,800.0,800.0,44516.0,44516.0,2023
215293,University of Pittsburgh-Pittsburgh Campus,Pittsburgh,PA,Public,pharmacy,35978.0,41366.0,1230.0,1230.0,37208.0,42596.0,2023
215770,Saint Joseph's University,Philadelphia,PA,Private Non-Profit,pharmacy,37000.0,37000.0,0.0,0.0,37000.0,37000.0,2023
216339,Temple University,Philadelphia,PA,Public,pharmacy,38452.0,41250.0,968.0,968.0,39420.0,42218.0,2023
216366,Thomas Jefferson University,Philadelphia,PA,Private Non-Profit,pharmacy,40052.0,40052.0,2024.0,2024.0,42076.0,42076.0,2023
216931,Wilkes University,Wilkes-Barre,PA,Private Non-Profit,pharmacy,43078.0,43078.0,3336.0,3336.0,46414.0,46414.0,2023
217484,University of Rhode Island,Kingston,RI,Public,pharmacy,14116.0,33512.0,5542.0,5542.0,19658.0,39054.0,2023
218335,Medical University of South Carolina,Charleston,SC,Public,pharmacy,25965.0,25965.0,137.0,137.0,26102.0,26102.0,2023
218539,Presbyterian College,Clinton,SC,Private Non-Profit,pharmacy,40900.0,40900.0,0.0,0.0,40900.0,40900.0,2023
218663,University of South Carolina-Columbia,Columbia,SC,Public,pharmacy,28340.0,42548.0,400.0,400.0,28740.0,42948.0,2023
219356,South Dakota State University,Brookings,SD,Public,pharmacy,10192.0,21806.0,10423.0,10423.0,20615.0,32229.0,2023
219709,Belmont University,Nashville,TN,Private Non-Profit,pharmacy,41500.0,41500.0,950.0,950.0,42450.0,42450.0,2023
219976,Lipscomb University,Nashville,TN,Private Non-Profit,pharmacy,39938.0,39938.0,3337.0,3337.0,43275.0,43275.0,2023
220075,East Tennessee State University,Johnson City,TN,Public,pharmacy,34000.0,40000.0,1751.0,1751.0,35751.0,41751.0,2023
220552,South College,Knoxville,TN,Private For-Profit,pharmacy,35925.0,35925.0,1485.0,1485.0,37410.0,37410.0,2023
221971,Union University,Jackson,TN,Private Non-Profit,pharmacy,39660.0,39660.0,2200.0,2200.0,41860.0,41860.0,2023
225511,University of Houston,Houston,TX,Public,pharmacy,15774.0,28254.0,1026.0,1026.0,16800.0,29280.0,2023
225627,University of the Incarnate Word,San Antonio,TX,Private Non-Profit,pharmacy,40500.0,40500.0,705.0,705.0,41205.0,41205.0,2023
228723,Texas A & M University-College Station,College Station,TX,Public,pharmacy,9672.0,45576.0,5455.0,5455.0,15127.0,51031.0,2023
228778,The University of Texas at Austin,Austin,TX,Public,pharmacy,21548.0,49240.0,0.0,0.0,21548.0,49240.0,2023
228796,The University of Texas at El Paso,El Paso,TX,Public,pharmacy,7004.0,16458.0,1301.0,1301.0,8305.0,17759.0,2023
228802,The University of Texas at Tyler,Tyler,TX,Public,pharmacy,25006.0,25006.0,0.0,0.0,25006.0,25006.0,2023
228909,University of North Texas Health Science Center,Fort Worth,TX,Public,pharmacy,14480.0,30800.0,9723.0,9723.0,24203.0,40523.0,2023
229063,Texas Southern University,Houston,TX,Public,pharmacy,15467.0,28365.0,1736.0,1736.0,17203.0,30101.0,2023
229337,Texas Tech University Health Sciences Center,Lubbock,TX,Public,pharmacy,14937.0,31317.0,2037.0,2037.0,16974.0,33354.0,2023
230764,University of Utah,Salt Lake City,UT,Public,pharmacy,31515.0,60725.0,1192.0,1192.0,32707.0,61917.0,2023
232265,Hampton University,Hampton,VA,Private Non-Profit,pharmacy,32164.0,32164.0,5424.0,5424.0,37588.0,37588.0,2023
233541,Shenandoah University,Winchester,VA,Private Non-Profit,pharmacy,38076.0,38076.0,2164.0,2164.0,40240.0,40240.0,2023
234030,Virginia Commonwealth University,Richmond,VA,Public,pharmacy,29812.0,42960.0,3649.0,4339.0,33461.0,47299.0,2023
236939,Washington State University,Pullman,WA,Public,pharmacy,24878.0,30104.0,782.0,782.0,25660.0,30886.0,2023
236948,University of Washington-Seattle Campus,Seattle,WA,Public,pharmacy,34866.0,56430.0,1119.0,1119.0,35985.0,57549.0,2023
237312,University of Charleston,Charleston,WV,Private Non-Profit,pharmacy,35926.0,35926.0,1500.0,1500.0,37426.0,37426.0,2023
237525,Marshall University,Huntington,WV,Public,pharmacy,23164.0,38936.0,2710.0,2710.0,25874.0,41646.0,2023
238032,West Virginia University,Morgantown,WV,Public,pharmacy,22914.0,45270.0,0.0,0.0,22914.0,45270.0,2023
238616,Concordia University-Wisconsin,Mequon,WI,Private Non-Profit,pharmacy,42000.0,42000.0,832.0,832.0,42832.0,42832.0,2023
239169,Medical College of Wisconsin,Milwaukee,WI,Private Non-Profit,pharmacy,50240.0,50240.0,930.0,930.0,51170.0,51170.0,2023
240444,University of Wisconsin-Madison,Madison,WI,Public,pharmacy,28371.0,47947.0,1561.0,1561.0,29932.0,49508.0,2023
240727,University of Wyoming,Laramie,WY,Public,pharmacy,19380.0,29070.0,1656.0,1656.0,21036.0,30726.0,2023
243203,University of Puerto Rico-Medical Sciences,San Juan,PR,Public,pharmacy,13000.0,26000.0,9251.0,9251.0,22251.0,35251.0,2023
243780,Purdue University-Main Campus,West Lafayette,IN,Public,pharmacy,22998.0,41258.0,274.0,274.0,23272.0,41532.0,2023
407629,Lake Erie College of Osteopathic Medicine,Erie,PA,Private Non-Profit,pharmacy,31210.0,31210.0,825.0,825.0,32035.0,32035.0,2023
423643,Midwestern University-Glendale,Glendale,AZ,Private Non-Profit,pharmacy,68584.0,68584.0,740.0,740.0,69324.0,69324.0,2023
433004,American University of Health Sciences,Signal Hill,CA,Private For-Profit,pharmacy,45000.0,45000.0,3097.0,3097.0,48097.0,48097.0,2023
440031,Keck Graduate Institute,Claremont,CA,Private Non-Profit,pharmacy,24700.0,24700.0,0.0,0.0,24700.0,24700.0,2023
445735,Roseman University of Health Sciences,Henderson,NV,Private Non-Profit,pharmacy,60296.0,60296.0,550.0,550.0,60846.0,60846.0,2023
449922,Appalachian College of Pharmacy,Oakwood,VA,Private Non-Profit,pharmacy,37500.0,37500.0,4000.0,4000.0,41500.0,41500.0,2023
459736,Touro University California,Vallejo,CA,Private Non-Profit,pharmacy,50580.0,50580.0,510.0,510.0,51090.0,51090.0,2023
487010,The University of Tennessee Health Science Center,Memphis,TN,Public,pharmacy,22706.0,27784.0,1475.0,1475.0,24181.0,29259.0,2023
487524,Husson University,Bangor,ME,Private Non-Profit,pharmacy,34800.0,34800.0,1260.0,1260.0,36060.0,36060.0,2023
488572,California Health Sciences University,Clovis,CA,Private For-Profit,pharmacy,45000.0,45000.0,600.0,600.0,45600.0,45600.0,2023
489858,West Coast University-Center for Graduate Studies,Los Angeles,CA,Private For-Profit,pharmacy,47556.0,47556.0,893.0,893.0,48449.0,48449.0,2023
496627,California Northstate University,Elk Grove,CA,Private For-Profit,pharmacy,58792.0,58792.0,1471.0,1471.0,60263.0,60263.0,2023
498234,Larkin University,Miami,FL,Private Non-Profit,pharmacy,46402.0,46402.0,3396.0,3396.0,49798.0,49798.0,2023
112525,Western University of Health Sciences,Pomona,CA,Private Non-Profit,podiatry,43791.0,43791.0,1319.0,1319.0,45110.0,45110.0,2023
122296,Samuel Merritt University,Oakland,CA,Private Non-Profit,podiatry,50443.0,50443.0,3203.0,3203.0,53646.0,53646.0,2023
132471,Barry University,Miami,FL,Private Non-Profit,podiatry,38960.0,38960.0,650.0,650.0,39610.0,39610.0,2023
145558,Rosalind Franklin University of Medicine and Science,North Chicago,IL,Private Non-Profit,podiatry,44218.0,44218.0,1610.0,1610.0,45828.0,45828.0,2023
154156,Des Moines University-Osteopathic Medical Center,West Des Moines,IA,Private Non-Profit,podiatry,44212.0,44212.0,164.0,164.0,44376.0,44376.0,2023
194073,New York College of Podiatric Medicine,New York,NY,Private Non-Profit,podiatry,16955.0,16955.0,1200.0,1200.0,18155.0,18155.0,2023
203517,Kent State University at Kent,Kent,OH,Public,podiatry,43747.0,43747.0,3331.0,3331.0,47078.0,47078.0,2023
216339,Temple University,Philadelphia,PA,Public,podiatry,45074.0,47098.0,968.0,968.0,46042.0,48066.0,2023
227368,The University of Texas Rio Grande Valley,Edinburg,TX,Public,podiatry,18150.0,31250.0,2201.0,2201.0,20351.0,33451.0,2023
407629,Lake Erie College of Osteopathic Medicine,Erie,PA,Private Non-Profit,podiatry,37925.0,37925.0,900.0,900.0,38825.0,38825.0,2023
423643,Midwestern University-Glendale,Glendale,AZ,Private Non-Profit,podiatry,50126.0,50126.0,740.0,740.0,50866.0,50866.0,2023
100858,Auburn University,Auburn,AL,Public,veterinary,10692.0,32076.0,18916.0,18916.0,29608.0,50992.0,2023
102377,Tuskegee University,Tuskegee,AL,Private Non-Profit,veterinary,41170.0,41170.0,3846.0,3846.0,45016.0,45016.0,2023
104179,University of Arizona,Tucson,AZ,Public,veterinary,31518.0,49028.0,1671.0,1671.0,33189.0,50699.0,2023
110644,University of California-Davis,Davis,CA,Public,veterinary,29634.0,41879.0,2296.0,2296.0,31930.0,44175.0,2023
112525,Western University of Health Sciences,Pomona,CA,Private Non-Profit,veterinary,60957.0,60957.0,418.0,418.0,61375.0,61375.0,2023
126818,Colorado State University-Fort Collins,Fort Collins,CO,Public,veterinary,37891.0,61259.0,3944.0,3944.0,41835.0,65203.0,2023
134130,University of Florida,Gainesville,FL,Public,veterinary,25248.0,45225.0,3539.0,4538.0,28787.0,49763.0,2023
139959,University of Georgia,Athens,GA,Public,veterinary,17514.0,47176.0,1390.0,1390.0,18904.0,48566.0,2023
145637,University of Illinois Urbana-Champaign,Champaign,IL,Public,veterinary,30452.0,54544.0,3492.0,3492.0,33944.0,58036.0,2023
153603,Iowa State University,Ames,IA,Public,veterinary,27746.0,59472.0,1515.0,1515.0,29261.0,60987.0,2023
155399,Kansas State University,Manhattan,KS,Public,veterinary,17390.0,39435.0,2358.0,2358.0,19748.0,41793.0,2023
159391,Louisiana State University and Agricultural & Mechanical College,Baton Rouge,LA,Public,veterinary,24128.0,24128.0,3293.0,32393.0,27421.0,56521.0,2023
163286,University of Maryland-College Park,College Park,MD,Public,veterinary,24177.0,55388.0,1990.0,2292.0,26167.0,57680.0,2023
168148,Tufts University,Medford,MA,Private Non-Profit,veterinary,67618.0,67618.0,1290.0,1290.0,68908.0,68908.0,2023
171100,Michigan State University,East Lansing,MI,Public,veterinary,31628.0,47436.0,340.0,340.0,31968.0,47776.0,2023
174066,University of Minnesota-Twin Cities,Minneapolis,MN,Public,veterinary,32076.0,59616.0,2409.0,2409.0,34485.0,62025.0,2023
176080,Mississippi State University,Mississippi State,MS,Public,veterinary,26825.0,26825.0,2345.0,24639.0,29170.0,51464.0,2023
178396,University of Missouri-Columbia,Columbia,MO,Public,veterinary,31155.0,74368.0,5029.0,5029.0,36184.0,79397.0,2023
181464,University of Nebraska-Lincoln,Lincoln,NE,Public,veterinary,27746.0,,1899.0,,29645.0,,2023
190415,Cornell University,Ithaca,NY,Private Non-Profit,veterinary,41098.0,41098.0,585.0,585.0,41683.0,41683.0,2023
192448,Long Island University,Brookville,NY,Private Non-Profit,veterinary,58366.0,58366.0,2184.0,2184.0,60550.0,60550.0,2023
199193,North Carolina State University at Raleigh,Raleigh,NC,Public,veterinary,17403.0,48092.0,2582.0,2582.0,19985.0,50674.0,2023
204796,Ohio State University-Main Campus,Columbus,OH,Public,veterinary,34136.0,75866.0,1537.0,1537.0,35673.0,77403.0,2023
207388,Oklahoma State University-Main Campus,Stillwater,OK,Public,veterinary,20430.0,46795.0,3249.0,3249.0,23679.0,50044.0,2023
209542,Oregon State University,Corvallis,OR,Public,veterinary,27204.0,54411.0,2349.0,2349.0,29553.0,56760.0,2023
215062,University of Pennsylvania,Philadelphia,PA,Private Non-Profit,veterinary,51672.0,61674.0,5804.0,5804.0,57476.0,67478.0,2023
220631,Lincoln Memorial University,Harrogate,TN,Private Non-Profit,veterinary,53500.0,53500.0,600.0,600.0,54100.0,54100.0,2023
221759,The University of Tennessee-Knoxville,Knoxville,TN,Public,veterinary,28054.0,58480.0,2072.0,2372.0,30126.0,60852.0,2023
228723,Texas A & M University-College Station,College Station,TX,Public,veterinary,22951.0,39340.0,6209.0,6209.0,29160.0,45549.0,2023
229115,Texas Tech University,Lubbock,TX,Public,veterinary,14346.0,25146.0,7654.0,7654.0,22000.0,32800.0,2023
230728,Utah State University,Logan,UT,Public,veterinary,26774.0,62378.0,832.0,832.0,27606.0,63210.0,2023
233921,Virginia Polytechnic Institute and State University,Blacksburg,VA,Public,veterinary,24177.0,55388.0,3979.0,4583.0,28156.0,59971.0,2023
236939,Washington State University,Pullman,WA,Public,veterinary,26774.0,62378.0,1725.0,1725.0,28499.0,64103.0,2023
240444,University of Wisconsin-Madison,Madison,WI,Public,veterinary,33846.0,54841.0,1561.0,1561.0,35407.0,56402.0,2023
243780,Purdue University-Main Campus,West Lafayette,IN,Public,veterinary,22657.0,47485.0,274.0,274.0,22931.0,47759.0,2023
423643,Midwestern University-Glendale,Glendale,AZ,Private Non-Profit,veterinary,71055.0,71055.0,740.0,740.0,71795.0,71795.0,2023
